id,season,week,team,opp,is_main_slate
2018_1_BUF_BAL,2018,1,BUF,BAL,True
2018_1_BUF_BAL,2018,1,BAL,BUF,True
2018_1_CHI_GB,2018,1,CHI,GB,False
2018_1_CHI_GB,2018,1,GB,CHI,False
2018_1_CIN_IND,2018,1,CIN,IND,True
2018_1_CIN_IND,2018,1,IND,CIN,True
2018_1_DAL_CAR,2018,1,DAL,CAR,True
2018_1_DAL_CAR,2018,1,CAR,DAL,True
2018_1_HOU_NE,2018,1,HOU,NE,True
2018_1_HOU_NE,2018,1,NE,HOU,True
2018_1_JAC_NYG,2018,1,JAC,NYG,True
2018_1_JAC_NYG,2018,1,NYG,JAC,True
2018_1_KC_LAC,2018,1,KC,LAC,True
2018_1_KC_LAC,2018,1,LAC,KC,True
2018_1_LAR_LVR,2018,1,LAR,LVR,False
2018_1_LAR_LVR,2018,1,LVR,LAR,False
2018_1_NYJ_DET,2018,1,NYJ,DET,False
2018_1_NYJ_DET,2018,1,DET,NYJ,False
2018_1_PIT_CLE,2018,1,PIT,CLE,True
2018_1_PIT_CLE,2018,1,CLE,PIT,True
2018_1_SEA_DEN,2018,1,SEA,DEN,True
2018_1_SEA_DEN,2018,1,DEN,SEA,True
2018_1_SF_MIN,2018,1,SF,MIN,True
2018_1_SF_MIN,2018,1,MIN,SF,True
2018_1_TB_NO,2018,1,TB,NO,True
2018_1_TB_NO,2018,1,NO,TB,True
2018_1_TEN_MIA,2018,1,TEN,MIA,True
2018_1_TEN_MIA,2018,1,MIA,TEN,True
2018_1_WAS_ARI,2018,1,WAS,ARI,True
2018_1_WAS_ARI,2018,1,ARI,WAS,True
2018_2_ARI_LAR,2018,2,ARI,LAR,True
2018_2_ARI_LAR,2018,2,LAR,ARI,True
2018_2_BAL_CIN,2018,2,BAL,CIN,False
2018_2_BAL_CIN,2018,2,CIN,BAL,False
2018_2_CAR_ATL,2018,2,CAR,ATL,True
2018_2_CAR_ATL,2018,2,ATL,CAR,True
2018_2_CLE_NO,2018,2,CLE,NO,True
2018_2_CLE_NO,2018,2,NO,CLE,True
2018_2_DET_SF,2018,2,DET,SF,True
2018_2_DET_SF,2018,2,SF,DET,True
2018_2_HOU_TEN,2018,2,HOU,TEN,True
2018_2_HOU_TEN,2018,2,TEN,HOU,True
2018_2_IND_WAS,2018,2,IND,WAS,True
2018_2_IND_WAS,2018,2,WAS,IND,True
2018_2_KC_PIT,2018,2,KC,PIT,True
2018_2_KC_PIT,2018,2,PIT,KC,True
2018_2_LAC_BUF,2018,2,LAC,BUF,True
2018_2_LAC_BUF,2018,2,BUF,LAC,True
2018_2_LVR_DEN,2018,2,LVR,DEN,True
2018_2_LVR_DEN,2018,2,DEN,LVR,True
2018_2_MIA_NYJ,2018,2,MIA,NYJ,True
2018_2_MIA_NYJ,2018,2,NYJ,MIA,True
2018_2_MIN_GB,2018,2,MIN,GB,True
2018_2_MIN_GB,2018,2,GB,MIN,True
2018_2_NE_JAC,2018,2,NE,JAC,True
2018_2_NE_JAC,2018,2,JAC,NE,True
2018_2_NYG_DAL,2018,2,NYG,DAL,False
2018_2_NYG_DAL,2018,2,DAL,NYG,False
2018_2_PHI_TB,2018,2,PHI,TB,True
2018_2_PHI_TB,2018,2,TB,PHI,True
2018_2_SEA_CHI,2018,2,SEA,CHI,False
2018_2_SEA_CHI,2018,2,CHI,SEA,False
2018_3_BUF_MIN,2018,3,BUF,MIN,True
2018_3_BUF_MIN,2018,3,MIN,BUF,True
2018_3_CHI_ARI,2018,3,CHI,ARI,True
2018_3_CHI_ARI,2018,3,ARI,CHI,True
2018_3_CIN_CAR,2018,3,CIN,CAR,True
2018_3_CIN_CAR,2018,3,CAR,CIN,True
2018_3_DAL_SEA,2018,3,DAL,SEA,True
2018_3_DAL_SEA,2018,3,SEA,DAL,True
2018_3_DEN_BAL,2018,3,DEN,BAL,True
2018_3_DEN_BAL,2018,3,BAL,DEN,True
2018_3_GB_WAS,2018,3,GB,WAS,True
2018_3_GB_WAS,2018,3,WAS,GB,True
2018_3_IND_PHI,2018,3,IND,PHI,True
2018_3_IND_PHI,2018,3,PHI,IND,True
2018_3_LAC_LAR,2018,3,LAC,LAR,True
2018_3_LAC_LAR,2018,3,LAR,LAC,True
2018_3_LVR_MIA,2018,3,LVR,MIA,True
2018_3_LVR_MIA,2018,3,MIA,LVR,True
2018_3_NE_DET,2018,3,NE,DET,False
2018_3_NE_DET,2018,3,DET,NE,False
2018_3_NO_ATL,2018,3,NO,ATL,True
2018_3_NO_ATL,2018,3,ATL,NO,True
2018_3_NYG_HOU,2018,3,NYG,HOU,True
2018_3_NYG_HOU,2018,3,HOU,NYG,True
2018_3_NYJ_CLE,2018,3,NYJ,CLE,False
2018_3_NYJ_CLE,2018,3,CLE,NYJ,False
2018_3_PIT_TB,2018,3,PIT,TB,False
2018_3_PIT_TB,2018,3,TB,PIT,False
2018_3_SF_KC,2018,3,SF,KC,True
2018_3_SF_KC,2018,3,KC,SF,True
2018_3_TEN_JAC,2018,3,TEN,JAC,True
2018_3_TEN_JAC,2018,3,JAC,TEN,True
2018_4_BAL_PIT,2018,4,BAL,PIT,False
2018_4_BAL_PIT,2018,4,PIT,BAL,False
2018_4_BUF_GB,2018,4,BUF,GB,True
2018_4_BUF_GB,2018,4,GB,BUF,True
2018_4_CIN_ATL,2018,4,CIN,ATL,True
2018_4_CIN_ATL,2018,4,ATL,CIN,True
2018_4_CLE_LVR,2018,4,CLE,LVR,True
2018_4_CLE_LVR,2018,4,LVR,CLE,True
2018_4_DET_DAL,2018,4,DET,DAL,True
2018_4_DET_DAL,2018,4,DAL,DET,True
2018_4_HOU_IND,2018,4,HOU,IND,True
2018_4_HOU_IND,2018,4,IND,HOU,True
2018_4_KC_DEN,2018,4,KC,DEN,False
2018_4_KC_DEN,2018,4,DEN,KC,False
2018_4_MIA_NE,2018,4,MIA,NE,True
2018_4_MIA_NE,2018,4,NE,MIA,True
2018_4_MIN_LAR,2018,4,MIN,LAR,False
2018_4_MIN_LAR,2018,4,LAR,MIN,False
2018_4_NO_NYG,2018,4,NO,NYG,True
2018_4_NO_NYG,2018,4,NYG,NO,True
2018_4_NYJ_JAC,2018,4,NYJ,JAC,True
2018_4_NYJ_JAC,2018,4,JAC,NYJ,True
2018_4_PHI_TEN,2018,4,PHI,TEN,True
2018_4_PHI_TEN,2018,4,TEN,PHI,True
2018_4_SEA_ARI,2018,4,SEA,ARI,True
2018_4_SEA_ARI,2018,4,ARI,SEA,True
2018_4_SF_LAC,2018,4,SF,LAC,True
2018_4_SF_LAC,2018,4,LAC,SF,True
2018_4_TB_CHI,2018,4,TB,CHI,True
2018_4_TB_CHI,2018,4,CHI,TB,True
2018_5_ARI_SF,2018,5,ARI,SF,True
2018_5_ARI_SF,2018,5,SF,ARI,True
2018_5_ATL_PIT,2018,5,ATL,PIT,True
2018_5_ATL_PIT,2018,5,PIT,ATL,True
2018_5_BAL_CLE,2018,5,BAL,CLE,True
2018_5_BAL_CLE,2018,5,CLE,BAL,True
2018_5_DAL_HOU,2018,5,DAL,HOU,False
2018_5_DAL_HOU,2018,5,HOU,DAL,False
2018_5_DEN_NYJ,2018,5,DEN,NYJ,True
2018_5_DEN_NYJ,2018,5,NYJ,DEN,True
2018_5_GB_DET,2018,5,GB,DET,True
2018_5_GB_DET,2018,5,DET,GB,True
2018_5_IND_NE,2018,5,IND,NE,False
2018_5_IND_NE,2018,5,NE,IND,False
2018_5_JAC_KC,2018,5,JAC,KC,True
2018_5_JAC_KC,2018,5,KC,JAC,True
2018_5_LAR_SEA,2018,5,LAR,SEA,True
2018_5_LAR_SEA,2018,5,SEA,LAR,True
2018_5_LVR_LAC,2018,5,LVR,LAC,True
2018_5_LVR_LAC,2018,5,LAC,LVR,True
2018_5_MIA_CIN,2018,5,MIA,CIN,True
2018_5_MIA_CIN,2018,5,CIN,MIA,True
2018_5_MIN_PHI,2018,5,MIN,PHI,True
2018_5_MIN_PHI,2018,5,PHI,MIN,True
2018_5_NYG_CAR,2018,5,NYG,CAR,True
2018_5_NYG_CAR,2018,5,CAR,NYG,True
2018_5_TEN_BUF,2018,5,TEN,BUF,True
2018_5_TEN_BUF,2018,5,BUF,TEN,True
2018_5_WAS_NO,2018,5,WAS,NO,False
2018_5_WAS_NO,2018,5,NO,WAS,False
2018_6_ARI_MIN,2018,6,ARI,MIN,True
2018_6_ARI_MIN,2018,6,MIN,ARI,True
2018_6_BAL_TEN,2018,6,BAL,TEN,True
2018_6_BAL_TEN,2018,6,TEN,BAL,True
2018_6_BUF_HOU,2018,6,BUF,HOU,True
2018_6_BUF_HOU,2018,6,HOU,BUF,True
2018_6_CAR_WAS,2018,6,CAR,WAS,True
2018_6_CAR_WAS,2018,6,WAS,CAR,True
2018_6_CHI_MIA,2018,6,CHI,MIA,True
2018_6_CHI_MIA,2018,6,MIA,CHI,True
2018_6_IND_NYJ,2018,6,IND,NYJ,True
2018_6_IND_NYJ,2018,6,NYJ,IND,True
2018_6_JAC_DAL,2018,6,JAC,DAL,True
2018_6_JAC_DAL,2018,6,DAL,JAC,True
2018_6_KC_NE,2018,6,KC,NE,False
2018_6_KC_NE,2018,6,NE,KC,False
2018_6_LAC_CLE,2018,6,LAC,CLE,True
2018_6_LAC_CLE,2018,6,CLE,LAC,True
2018_6_LAR_DEN,2018,6,LAR,DEN,True
2018_6_LAR_DEN,2018,6,DEN,LAR,True
2018_6_PHI_NYG,2018,6,PHI,NYG,False
2018_6_PHI_NYG,2018,6,NYG,PHI,False
2018_6_PIT_CIN,2018,6,PIT,CIN,True
2018_6_PIT_CIN,2018,6,CIN,PIT,True
2018_6_SEA_LVR,2018,6,SEA,LVR,True
2018_6_SEA_LVR,2018,6,LVR,SEA,True
2018_6_SF_GB,2018,6,SF,GB,False
2018_6_SF_GB,2018,6,GB,SF,False
2018_6_TB_ATL,2018,6,TB,ATL,True
2018_6_TB_ATL,2018,6,ATL,TB,True
2018_7_BUF_IND,2018,7,BUF,IND,True
2018_7_BUF_IND,2018,7,IND,BUF,True
2018_7_CAR_PHI,2018,7,CAR,PHI,True
2018_7_CAR_PHI,2018,7,PHI,CAR,True
2018_7_CIN_KC,2018,7,CIN,KC,False
2018_7_CIN_KC,2018,7,KC,CIN,False
2018_7_CLE_TB,2018,7,CLE,TB,True
2018_7_CLE_TB,2018,7,TB,CLE,True
2018_7_DAL_WAS,2018,7,DAL,WAS,True
2018_7_DAL_WAS,2018,7,WAS,DAL,True
2018_7_DEN_ARI,2018,7,DEN,ARI,False
2018_7_DEN_ARI,2018,7,ARI,DEN,False
2018_7_DET_MIA,2018,7,DET,MIA,True
2018_7_DET_MIA,2018,7,MIA,DET,True
2018_7_HOU_JAC,2018,7,HOU,JAC,True
2018_7_HOU_JAC,2018,7,JAC,HOU,True
2018_7_LAR_SF,2018,7,LAR,SF,True
2018_7_LAR_SF,2018,7,SF,LAR,True
2018_7_MIN_NYJ,2018,7,MIN,NYJ,True
2018_7_MIN_NYJ,2018,7,NYJ,MIN,True
2018_7_NE_CHI,2018,7,NE,CHI,True
2018_7_NE_CHI,2018,7,CHI,NE,True
2018_7_NO_BAL,2018,7,NO,BAL,True
2018_7_NO_BAL,2018,7,BAL,NO,True
2018_7_NYG_ATL,2018,7,NYG,ATL,False
2018_7_NYG_ATL,2018,7,ATL,NYG,False
2018_7_TEN_LAC,2018,7,TEN,LAC,False
2018_7_TEN_LAC,2018,7,LAC,TEN,False
2018_8_BAL_CAR,2018,8,BAL,CAR,True
2018_8_BAL_CAR,2018,8,CAR,BAL,True
2018_8_CLE_PIT,2018,8,CLE,PIT,True
2018_8_CLE_PIT,2018,8,PIT,CLE,True
2018_8_DEN_KC,2018,8,DEN,KC,True
2018_8_DEN_KC,2018,8,KC,DEN,True
2018_8_GB_LAR,2018,8,GB,LAR,True
2018_8_GB_LAR,2018,8,LAR,GB,True
2018_8_IND_LVR,2018,8,IND,LVR,True
2018_8_IND_LVR,2018,8,LVR,IND,True
2018_8_MIA_HOU,2018,8,MIA,HOU,False
2018_8_MIA_HOU,2018,8,HOU,MIA,False
2018_8_NE_BUF,2018,8,NE,BUF,False
2018_8_NE_BUF,2018,8,BUF,NE,False
2018_8_NO_MIN,2018,8,NO,MIN,False
2018_8_NO_MIN,2018,8,MIN,NO,False
2018_8_NYJ_CHI,2018,8,NYJ,CHI,True
2018_8_NYJ_CHI,2018,8,CHI,NYJ,True
2018_8_PHI_JAC,2018,8,PHI,JAC,False
2018_8_PHI_JAC,2018,8,JAC,PHI,False
2018_8_SEA_DET,2018,8,SEA,DET,True
2018_8_SEA_DET,2018,8,DET,SEA,True
2018_8_SF_ARI,2018,8,SF,ARI,True
2018_8_SF_ARI,2018,8,ARI,SF,True
2018_8_TB_CIN,2018,8,TB,CIN,True
2018_8_TB_CIN,2018,8,CIN,TB,True
2018_8_WAS_NYG,2018,8,WAS,NYG,True
2018_8_WAS_NYG,2018,8,NYG,WAS,True
2018_9_ATL_WAS,2018,9,ATL,WAS,True
2018_9_ATL_WAS,2018,9,WAS,ATL,True
2018_9_CHI_BUF,2018,9,CHI,BUF,True
2018_9_CHI_BUF,2018,9,BUF,CHI,True
2018_9_DET_MIN,2018,9,DET,MIN,True
2018_9_DET_MIN,2018,9,MIN,DET,True
2018_9_GB_NE,2018,9,GB,NE,False
2018_9_GB_NE,2018,9,NE,GB,False
2018_9_HOU_DEN,2018,9,HOU,DEN,True
2018_9_HOU_DEN,2018,9,DEN,HOU,True
2018_9_KC_CLE,2018,9,KC,CLE,True
2018_9_KC_CLE,2018,9,CLE,KC,True
2018_9_LAC_SEA,2018,9,LAC,SEA,True
2018_9_LAC_SEA,2018,9,SEA,LAC,True
2018_9_LAR_NO,2018,9,LAR,NO,True
2018_9_LAR_NO,2018,9,NO,LAR,True
2018_9_LVR_SF,2018,9,LVR,SF,False
2018_9_LVR_SF,2018,9,SF,LVR,False
2018_9_NYJ_MIA,2018,9,NYJ,MIA,True
2018_9_NYJ_MIA,2018,9,MIA,NYJ,True
2018_9_PIT_BAL,2018,9,PIT,BAL,True
2018_9_PIT_BAL,2018,9,BAL,PIT,True
2018_9_TB_CAR,2018,9,TB,CAR,True
2018_9_TB_CAR,2018,9,CAR,TB,True
2018_9_TEN_DAL,2018,9,TEN,DAL,False
2018_9_TEN_DAL,2018,9,DAL,TEN,False
2018_10_ARI_KC,2018,10,ARI,KC,True
2018_10_ARI_KC,2018,10,KC,ARI,True
2018_10_ATL_CLE,2018,10,ATL,CLE,True
2018_10_ATL_CLE,2018,10,CLE,ATL,True
2018_10_BUF_NYJ,2018,10,BUF,NYJ,True
2018_10_BUF_NYJ,2018,10,NYJ,BUF,True
2018_10_CAR_PIT,2018,10,CAR,PIT,False
2018_10_CAR_PIT,2018,10,PIT,CAR,False
2018_10_DAL_PHI,2018,10,DAL,PHI,False
2018_10_DAL_PHI,2018,10,PHI,DAL,False
2018_10_DET_CHI,2018,10,DET,CHI,True
2018_10_DET_CHI,2018,10,CHI,DET,True
2018_10_JAC_IND,2018,10,JAC,IND,True
2018_10_JAC_IND,2018,10,IND,JAC,True
2018_10_LAC_LVR,2018,10,LAC,LVR,True
2018_10_LAC_LVR,2018,10,LVR,LAC,True
2018_10_MIA_GB,2018,10,MIA,GB,True
2018_10_MIA_GB,2018,10,GB,MIA,True
2018_10_NE_TEN,2018,10,NE,TEN,True
2018_10_NE_TEN,2018,10,TEN,NE,True
2018_10_NO_CIN,2018,10,NO,CIN,True
2018_10_NO_CIN,2018,10,CIN,NO,True
2018_10_NYG_SF,2018,10,NYG,SF,False
2018_10_NYG_SF,2018,10,SF,NYG,False
2018_10_SEA_LAR,2018,10,SEA,LAR,True
2018_10_SEA_LAR,2018,10,LAR,SEA,True
2018_10_WAS_TB,2018,10,WAS,TB,True
2018_10_WAS_TB,2018,10,TB,WAS,True
2018_11_CAR_DET,2018,11,CAR,DET,True
2018_11_CAR_DET,2018,11,DET,CAR,True
2018_11_CIN_BAL,2018,11,CIN,BAL,True
2018_11_CIN_BAL,2018,11,BAL,CIN,True
2018_11_DAL_ATL,2018,11,DAL,ATL,True
2018_11_DAL_ATL,2018,11,ATL,DAL,True
2018_11_DEN_LAC,2018,11,DEN,LAC,True
2018_11_DEN_LAC,2018,11,LAC,DEN,True
2018_11_GB_SEA,2018,11,GB,SEA,False
2018_11_GB_SEA,2018,11,SEA,GB,False
2018_11_HOU_WAS,2018,11,HOU,WAS,True
2018_11_HOU_WAS,2018,11,WAS,HOU,True
2018_11_KC_LAR,2018,11,KC,LAR,False
2018_11_KC_LAR,2018,11,LAR,KC,False
2018_11_LVR_ARI,2018,11,LVR,ARI,True
2018_11_LVR_ARI,2018,11,ARI,LVR,True
2018_11_MIN_CHI,2018,11,MIN,CHI,False
2018_11_MIN_CHI,2018,11,CHI,MIN,False
2018_11_PHI_NO,2018,11,PHI,NO,True
2018_11_PHI_NO,2018,11,NO,PHI,True
2018_11_PIT_JAC,2018,11,PIT,JAC,True
2018_11_PIT_JAC,2018,11,JAC,PIT,True
2018_11_TB_NYG,2018,11,TB,NYG,True
2018_11_TB_NYG,2018,11,NYG,TB,True
2018_11_TEN_IND,2018,11,TEN,IND,True
2018_11_TEN_IND,2018,11,IND,TEN,True
2018_12_ARI_LAC,2018,12,ARI,LAC,True
2018_12_ARI_LAC,2018,12,LAC,ARI,True
2018_12_ATL_NO,2018,12,ATL,NO,False
2018_12_ATL_NO,2018,12,NO,ATL,False
2018_12_CHI_DET,2018,12,CHI,DET,False
2018_12_CHI_DET,2018,12,DET,CHI,False
2018_12_CLE_CIN,2018,12,CLE,CIN,True
2018_12_CLE_CIN,2018,12,CIN,CLE,True
2018_12_GB_MIN,2018,12,GB,MIN,False
2018_12_GB_MIN,2018,12,MIN,GB,False
2018_12_JAC_BUF,2018,12,JAC,BUF,True
2018_12_JAC_BUF,2018,12,BUF,JAC,True
2018_12_LVR_BAL,2018,12,LVR,BAL,True
2018_12_LVR_BAL,2018,12,BAL,LVR,True
2018_12_MIA_IND,2018,12,MIA,IND,True
2018_12_MIA_IND,2018,12,IND,MIA,True
2018_12_NE_NYJ,2018,12,NE,NYJ,True
2018_12_NE_NYJ,2018,12,NYJ,NE,True
2018_12_NYG_PHI,2018,12,NYG,PHI,True
2018_12_NYG_PHI,2018,12,PHI,NYG,True
2018_12_PIT_DEN,2018,12,PIT,DEN,True
2018_12_PIT_DEN,2018,12,DEN,PIT,True
2018_12_SEA_CAR,2018,12,SEA,CAR,True
2018_12_SEA_CAR,2018,12,CAR,SEA,True
2018_12_SF_TB,2018,12,SF,TB,True
2018_12_SF_TB,2018,12,TB,SF,True
2018_12_TEN_HOU,2018,12,TEN,HOU,False
2018_12_TEN_HOU,2018,12,HOU,TEN,False
2018_12_WAS_DAL,2018,12,WAS,DAL,False
2018_12_WAS_DAL,2018,12,DAL,WAS,False
2018_13_ARI_GB,2018,13,ARI,GB,True
2018_13_ARI_GB,2018,13,GB,ARI,True
2018_13_BAL_ATL,2018,13,BAL,ATL,True
2018_13_BAL_ATL,2018,13,ATL,BAL,True
2018_13_BUF_MIA,2018,13,BUF,MIA,True
2018_13_BUF_MIA,2018,13,MIA,BUF,True
2018_13_CAR_TB,2018,13,CAR,TB,True
2018_13_CAR_TB,2018,13,TB,CAR,True
2018_13_CHI_NYG,2018,13,CHI,NYG,True
2018_13_CHI_NYG,2018,13,NYG,CHI,True
2018_13_CLE_HOU,2018,13,CLE,HOU,True
2018_13_CLE_HOU,2018,13,HOU,CLE,True
2018_13_DEN_CIN,2018,13,DEN,CIN,True
2018_13_DEN_CIN,2018,13,CIN,DEN,True
2018_13_IND_JAC,2018,13,IND,JAC,True
2018_13_IND_JAC,2018,13,JAC,IND,True
2018_13_KC_LVR,2018,13,KC,LVR,True
2018_13_KC_LVR,2018,13,LVR,KC,True
2018_13_LAC_PIT,2018,13,LAC,PIT,False
2018_13_LAC_PIT,2018,13,PIT,LAC,False
2018_13_LAR_DET,2018,13,LAR,DET,True
2018_13_LAR_DET,2018,13,DET,LAR,True
2018_13_MIN_NE,2018,13,MIN,NE,True
2018_13_MIN_NE,2018,13,NE,MIN,True
2018_13_NO_DAL,2018,13,NO,DAL,False
2018_13_NO_DAL,2018,13,DAL,NO,False
2018_13_NYJ_TEN,2018,13,NYJ,TEN,True
2018_13_NYJ_TEN,2018,13,TEN,NYJ,True
2018_13_SF_SEA,2018,13,SF,SEA,True
2018_13_SF_SEA,2018,13,SEA,SF,True
2018_13_WAS_PHI,2018,13,WAS,PHI,False
2018_13_WAS_PHI,2018,13,PHI,WAS,False
2018_14_ATL_GB,2018,14,ATL,GB,True
2018_14_ATL_GB,2018,14,GB,ATL,True
2018_14_BAL_KC,2018,14,BAL,KC,True
2018_14_BAL_KC,2018,14,KC,BAL,True
2018_14_CAR_CLE,2018,14,CAR,CLE,True
2018_14_CAR_CLE,2018,14,CLE,CAR,True
2018_14_CIN_LAC,2018,14,CIN,LAC,True
2018_14_CIN_LAC,2018,14,LAC,CIN,True
2018_14_DEN_SF,2018,14,DEN,SF,True
2018_14_DEN_SF,2018,14,SF,DEN,True
2018_14_DET_ARI,2018,14,DET,ARI,True
2018_14_DET_ARI,2018,14,ARI,DET,True
2018_14_IND_HOU,2018,14,IND,HOU,True
2018_14_IND_HOU,2018,14,HOU,IND,True
2018_14_JAC_TEN,2018,14,JAC,TEN,False
2018_14_JAC_TEN,2018,14,TEN,JAC,False
2018_14_LAR_CHI,2018,14,LAR,CHI,False
2018_14_LAR_CHI,2018,14,CHI,LAR,False
2018_14_MIN_SEA,2018,14,MIN,SEA,False
2018_14_MIN_SEA,2018,14,SEA,MIN,False
2018_14_NE_MIA,2018,14,NE,MIA,True
2018_14_NE_MIA,2018,14,MIA,NE,True
2018_14_NO_TB,2018,14,NO,TB,True
2018_14_NO_TB,2018,14,TB,NO,True
2018_14_NYG_WAS,2018,14,NYG,WAS,True
2018_14_NYG_WAS,2018,14,WAS,NYG,True
2018_14_NYJ_BUF,2018,14,NYJ,BUF,True
2018_14_NYJ_BUF,2018,14,BUF,NYJ,True
2018_14_PHI_DAL,2018,14,PHI,DAL,True
2018_14_PHI_DAL,2018,14,DAL,PHI,True
2018_14_PIT_LVR,2018,14,PIT,LVR,True
2018_14_PIT_LVR,2018,14,LVR,PIT,True
2018_15_ARI_ATL,2018,15,ARI,ATL,True
2018_15_ARI_ATL,2018,15,ATL,ARI,True
2018_15_CLE_DEN,2018,15,CLE,DEN,False
2018_15_CLE_DEN,2018,15,DEN,CLE,False
2018_15_DAL_IND,2018,15,DAL,IND,True
2018_15_DAL_IND,2018,15,IND,DAL,True
2018_15_DET_BUF,2018,15,DET,BUF,True
2018_15_DET_BUF,2018,15,BUF,DET,True
2018_15_GB_CHI,2018,15,GB,CHI,True
2018_15_GB_CHI,2018,15,CHI,GB,True
2018_15_HOU_NYJ,2018,15,HOU,NYJ,False
2018_15_HOU_NYJ,2018,15,NYJ,HOU,False
2018_15_LAC_KC,2018,15,LAC,KC,False
2018_15_LAC_KC,2018,15,KC,LAC,False
2018_15_LVR_CIN,2018,15,LVR,CIN,True
2018_15_LVR_CIN,2018,15,CIN,LVR,True
2018_15_MIA_MIN,2018,15,MIA,MIN,True
2018_15_MIA_MIN,2018,15,MIN,MIA,True
2018_15_NE_PIT,2018,15,NE,PIT,True
2018_15_NE_PIT,2018,15,PIT,NE,True
2018_15_NO_CAR,2018,15,NO,CAR,False
2018_15_NO_CAR,2018,15,CAR,NO,False
2018_15_PHI_LAR,2018,15,PHI,LAR,False
2018_15_PHI_LAR,2018,15,LAR,PHI,False
2018_15_SEA_SF,2018,15,SEA,SF,True
2018_15_SEA_SF,2018,15,SF,SEA,True
2018_15_TB_BAL,2018,15,TB,BAL,True
2018_15_TB_BAL,2018,15,BAL,TB,True
2018_15_TEN_NYG,2018,15,TEN,NYG,True
2018_15_TEN_NYG,2018,15,NYG,TEN,True
2018_15_WAS_JAC,2018,15,WAS,JAC,True
2018_15_WAS_JAC,2018,15,JAC,WAS,True
2018_16_ATL_CAR,2018,16,ATL,CAR,True
2018_16_ATL_CAR,2018,16,CAR,ATL,True
2018_16_BAL_LAC,2018,16,BAL,LAC,False
2018_16_BAL_LAC,2018,16,LAC,BAL,False
2018_16_BUF_NE,2018,16,BUF,NE,True
2018_16_BUF_NE,2018,16,NE,BUF,True
2018_16_CHI_SF,2018,16,CHI,SF,True
2018_16_CHI_SF,2018,16,SF,CHI,True
2018_16_CIN_CLE,2018,16,CIN,CLE,True
2018_16_CIN_CLE,2018,16,CLE,CIN,True
2018_16_DEN_LVR,2018,16,DEN,LVR,False
2018_16_DEN_LVR,2018,16,LVR,DEN,False
2018_16_GB_NYJ,2018,16,GB,NYJ,True
2018_16_GB_NYJ,2018,16,NYJ,GB,True
2018_16_HOU_PHI,2018,16,HOU,PHI,True
2018_16_HOU_PHI,2018,16,PHI,HOU,True
2018_16_JAC_MIA,2018,16,JAC,MIA,True
2018_16_JAC_MIA,2018,16,MIA,JAC,True
2018_16_KC_SEA,2018,16,KC,SEA,False
2018_16_KC_SEA,2018,16,SEA,KC,False
2018_16_LAR_ARI,2018,16,LAR,ARI,True
2018_16_LAR_ARI,2018,16,ARI,LAR,True
2018_16_MIN_DET,2018,16,MIN,DET,True
2018_16_MIN_DET,2018,16,DET,MIN,True
2018_16_NYG_IND,2018,16,NYG,IND,True
2018_16_NYG_IND,2018,16,IND,NYG,True
2018_16_PIT_NO,2018,16,PIT,NO,True
2018_16_PIT_NO,2018,16,NO,PIT,True
2018_16_TB_DAL,2018,16,TB,DAL,True
2018_16_TB_DAL,2018,16,DAL,TB,True
2018_16_WAS_TEN,2018,16,WAS,TEN,False
2018_16_WAS_TEN,2018,16,TEN,WAS,False
2018_17_ARI_SEA,2018,17,ARI,SEA,True
2018_17_ARI_SEA,2018,17,SEA,ARI,True
2018_17_ATL_TB,2018,17,ATL,TB,True
2018_17_ATL_TB,2018,17,TB,ATL,True
2018_17_CAR_NO,2018,17,CAR,NO,True
2018_17_CAR_NO,2018,17,NO,CAR,True
2018_17_CHI_MIN,2018,17,CHI,MIN,True
2018_17_CHI_MIN,2018,17,MIN,CHI,True
2018_17_CIN_PIT,2018,17,CIN,PIT,True
2018_17_CIN_PIT,2018,17,PIT,CIN,True
2018_17_CLE_BAL,2018,17,CLE,BAL,True
2018_17_CLE_BAL,2018,17,BAL,CLE,True
2018_17_DAL_NYG,2018,17,DAL,NYG,True
2018_17_DAL_NYG,2018,17,NYG,DAL,True
2018_17_DET_GB,2018,17,DET,GB,True
2018_17_DET_GB,2018,17,GB,DET,True
2018_17_IND_TEN,2018,17,IND,TEN,False
2018_17_IND_TEN,2018,17,TEN,IND,False
2018_17_JAC_HOU,2018,17,JAC,HOU,True
2018_17_JAC_HOU,2018,17,HOU,JAC,True
2018_17_LAC_DEN,2018,17,LAC,DEN,True
2018_17_LAC_DEN,2018,17,DEN,LAC,True
2018_17_LVR_KC,2018,17,LVR,KC,True
2018_17_LVR_KC,2018,17,KC,LVR,True
2018_17_MIA_BUF,2018,17,MIA,BUF,True
2018_17_MIA_BUF,2018,17,BUF,MIA,True
2018_17_NYJ_NE,2018,17,NYJ,NE,True
2018_17_NYJ_NE,2018,17,NE,NYJ,True
2018_17_PHI_WAS,2018,17,PHI,WAS,True
2018_17_PHI_WAS,2018,17,WAS,PHI,True
2018_17_SF_LAR,2018,17,SF,LAR,True
2018_17_SF_LAR,2018,17,LAR,SF,True
2018_18_IND_HOU,2018,18,IND,HOU,False
2018_18_IND_HOU,2018,18,HOU,IND,False
2018_18_LAC_BAL,2018,18,LAC,BAL,True
2018_18_LAC_BAL,2018,18,BAL,LAC,True
2018_18_PHI_CHI,2018,18,PHI,CHI,True
2018_18_PHI_CHI,2018,18,CHI,PHI,True
2018_18_SEA_DAL,2018,18,SEA,DAL,False
2018_18_SEA_DAL,2018,18,DAL,SEA,False
2018_19_DAL_LAR,2018,19,DAL,LAR,False
2018_19_DAL_LAR,2018,19,LAR,DAL,False
2018_19_IND_KC,2018,19,IND,KC,False
2018_19_IND_KC,2018,19,KC,IND,False
2018_19_LAC_NE,2018,19,LAC,NE,True
2018_19_LAC_NE,2018,19,NE,LAC,True
2018_19_PHI_NO,2018,19,PHI,NO,True
2018_19_PHI_NO,2018,19,NO,PHI,True
2018_20_LAR_NO,2018,20,LAR,NO,True
2018_20_LAR_NO,2018,20,NO,LAR,True
2018_20_NE_KC,2018,20,NE,KC,True
2018_20_NE_KC,2018,20,KC,NE,True
2018_21_NE_LAR,2018,21,NE,LAR,True
2018_21_NE_LAR,2018,21,LAR,NE,True
2019_1_ATL_MIN,2019,1,ATL,MIN,True
2019_1_ATL_MIN,2019,1,MIN,ATL,True
2019_1_BAL_MIA,2019,1,BAL,MIA,True
2019_1_BAL_MIA,2019,1,MIA,BAL,True
2019_1_BUF_NYJ,2019,1,BUF,NYJ,True
2019_1_BUF_NYJ,2019,1,NYJ,BUF,True
2019_1_CIN_SEA,2019,1,CIN,SEA,True
2019_1_CIN_SEA,2019,1,SEA,CIN,True
2019_1_DEN_LVR,2019,1,DEN,LVR,False
2019_1_DEN_LVR,2019,1,LVR,DEN,False
2019_1_DET_ARI,2019,1,DET,ARI,True
2019_1_DET_ARI,2019,1,ARI,DET,True
2019_1_GB_CHI,2019,1,GB,CHI,False
2019_1_GB_CHI,2019,1,CHI,GB,False
2019_1_HOU_NO,2019,1,HOU,NO,False
2019_1_HOU_NO,2019,1,NO,HOU,False
2019_1_IND_LAC,2019,1,IND,LAC,True
2019_1_IND_LAC,2019,1,LAC,IND,True
2019_1_KC_JAC,2019,1,KC,JAC,True
2019_1_KC_JAC,2019,1,JAC,KC,True
2019_1_LAR_CAR,2019,1,LAR,CAR,True
2019_1_LAR_CAR,2019,1,CAR,LAR,True
2019_1_NYG_DAL,2019,1,NYG,DAL,True
2019_1_NYG_DAL,2019,1,DAL,NYG,True
2019_1_PIT_NE,2019,1,PIT,NE,False
2019_1_PIT_NE,2019,1,NE,PIT,False
2019_1_SF_TB,2019,1,SF,TB,True
2019_1_SF_TB,2019,1,TB,SF,True
2019_1_TEN_CLE,2019,1,TEN,CLE,True
2019_1_TEN_CLE,2019,1,CLE,TEN,True
2019_1_WAS_PHI,2019,1,WAS,PHI,True
2019_1_WAS_PHI,2019,1,PHI,WAS,True
2019_2_ARI_BAL,2019,2,ARI,BAL,True
2019_2_ARI_BAL,2019,2,BAL,ARI,True
2019_2_BUF_NYG,2019,2,BUF,NYG,True
2019_2_BUF_NYG,2019,2,NYG,BUF,True
2019_2_CHI_DEN,2019,2,CHI,DEN,True
2019_2_CHI_DEN,2019,2,DEN,CHI,True
2019_2_CLE_NYJ,2019,2,CLE,NYJ,False
2019_2_CLE_NYJ,2019,2,NYJ,CLE,False
2019_2_DAL_WAS,2019,2,DAL,WAS,True
2019_2_DAL_WAS,2019,2,WAS,DAL,True
2019_2_IND_TEN,2019,2,IND,TEN,True
2019_2_IND_TEN,2019,2,TEN,IND,True
2019_2_JAC_HOU,2019,2,JAC,HOU,True
2019_2_JAC_HOU,2019,2,HOU,JAC,True
2019_2_KC_LVR,2019,2,KC,LVR,True
2019_2_KC_LVR,2019,2,LVR,KC,True
2019_2_LAC_DET,2019,2,LAC,DET,True
2019_2_LAC_DET,2019,2,DET,LAC,True
2019_2_MIN_GB,2019,2,MIN,GB,True
2019_2_MIN_GB,2019,2,GB,MIN,True
2019_2_NE_MIA,2019,2,NE,MIA,True
2019_2_NE_MIA,2019,2,MIA,NE,True
2019_2_NO_LAR,2019,2,NO,LAR,True
2019_2_NO_LAR,2019,2,LAR,NO,True
2019_2_PHI_ATL,2019,2,PHI,ATL,False
2019_2_PHI_ATL,2019,2,ATL,PHI,False
2019_2_SEA_PIT,2019,2,SEA,PIT,True
2019_2_SEA_PIT,2019,2,PIT,SEA,True
2019_2_SF_CIN,2019,2,SF,CIN,True
2019_2_SF_CIN,2019,2,CIN,SF,True
2019_2_TB_CAR,2019,2,TB,CAR,False
2019_2_TB_CAR,2019,2,CAR,TB,False
2019_3_ATL_IND,2019,3,ATL,IND,True
2019_3_ATL_IND,2019,3,IND,ATL,True
2019_3_BAL_KC,2019,3,BAL,KC,True
2019_3_BAL_KC,2019,3,KC,BAL,True
2019_3_CAR_ARI,2019,3,CAR,ARI,True
2019_3_CAR_ARI,2019,3,ARI,CAR,True
2019_3_CHI_WAS,2019,3,CHI,WAS,False
2019_3_CHI_WAS,2019,3,WAS,CHI,False
2019_3_CIN_BUF,2019,3,CIN,BUF,True
2019_3_CIN_BUF,2019,3,BUF,CIN,True
2019_3_DEN_GB,2019,3,DEN,GB,True
2019_3_DEN_GB,2019,3,GB,DEN,True
2019_3_DET_PHI,2019,3,DET,PHI,True
2019_3_DET_PHI,2019,3,PHI,DET,True
2019_3_HOU_LAC,2019,3,HOU,LAC,True
2019_3_HOU_LAC,2019,3,LAC,HOU,True
2019_3_LAR_CLE,2019,3,LAR,CLE,False
2019_3_LAR_CLE,2019,3,CLE,LAR,False
2019_3_LVR_MIN,2019,3,LVR,MIN,True
2019_3_LVR_MIN,2019,3,MIN,LVR,True
2019_3_MIA_DAL,2019,3,MIA,DAL,True
2019_3_MIA_DAL,2019,3,DAL,MIA,True
2019_3_NO_SEA,2019,3,NO,SEA,True
2019_3_NO_SEA,2019,3,SEA,NO,True
2019_3_NYG_TB,2019,3,NYG,TB,True
2019_3_NYG_TB,2019,3,TB,NYG,True
2019_3_NYJ_NE,2019,3,NYJ,NE,True
2019_3_NYJ_NE,2019,3,NE,NYJ,True
2019_3_PIT_SF,2019,3,PIT,SF,True
2019_3_PIT_SF,2019,3,SF,PIT,True
2019_3_TEN_JAC,2019,3,TEN,JAC,False
2019_3_TEN_JAC,2019,3,JAC,TEN,False
2019_4_CAR_HOU,2019,4,CAR,HOU,True
2019_4_CAR_HOU,2019,4,HOU,CAR,True
2019_4_CIN_PIT,2019,4,CIN,PIT,False
2019_4_CIN_PIT,2019,4,PIT,CIN,False
2019_4_CLE_BAL,2019,4,CLE,BAL,True
2019_4_CLE_BAL,2019,4,BAL,CLE,True
2019_4_DAL_NO,2019,4,DAL,NO,False
2019_4_DAL_NO,2019,4,NO,DAL,False
2019_4_JAC_DEN,2019,4,JAC,DEN,True
2019_4_JAC_DEN,2019,4,DEN,JAC,True
2019_4_KC_DET,2019,4,KC,DET,True
2019_4_KC_DET,2019,4,DET,KC,True
2019_4_LAC_MIA,2019,4,LAC,MIA,True
2019_4_LAC_MIA,2019,4,MIA,LAC,True
2019_4_LVR_IND,2019,4,LVR,IND,True
2019_4_LVR_IND,2019,4,IND,LVR,True
2019_4_MIN_CHI,2019,4,MIN,CHI,True
2019_4_MIN_CHI,2019,4,CHI,MIN,True
2019_4_NE_BUF,2019,4,NE,BUF,True
2019_4_NE_BUF,2019,4,BUF,NE,True
2019_4_PHI_GB,2019,4,PHI,GB,False
2019_4_PHI_GB,2019,4,GB,PHI,False
2019_4_SEA_ARI,2019,4,SEA,ARI,True
2019_4_SEA_ARI,2019,4,ARI,SEA,True
2019_4_TB_LAR,2019,4,TB,LAR,True
2019_4_TB_LAR,2019,4,LAR,TB,True
2019_4_TEN_ATL,2019,4,TEN,ATL,True
2019_4_TEN_ATL,2019,4,ATL,TEN,True
2019_4_WAS_NYG,2019,4,WAS,NYG,True
2019_4_WAS_NYG,2019,4,NYG,WAS,True
2019_5_ARI_CIN,2019,5,ARI,CIN,True
2019_5_ARI_CIN,2019,5,CIN,ARI,True
2019_5_ATL_HOU,2019,5,ATL,HOU,True
2019_5_ATL_HOU,2019,5,HOU,ATL,True
2019_5_BAL_PIT,2019,5,BAL,PIT,True
2019_5_BAL_PIT,2019,5,PIT,BAL,True
2019_5_BUF_TEN,2019,5,BUF,TEN,True
2019_5_BUF_TEN,2019,5,TEN,BUF,True
2019_5_CHI_LVR,2019,5,CHI,LVR,True
2019_5_CHI_LVR,2019,5,LVR,CHI,True
2019_5_CLE_SF,2019,5,CLE,SF,False
2019_5_CLE_SF,2019,5,SF,CLE,False
2019_5_DEN_LAC,2019,5,DEN,LAC,True
2019_5_DEN_LAC,2019,5,LAC,DEN,True
2019_5_GB_DAL,2019,5,GB,DAL,True
2019_5_GB_DAL,2019,5,DAL,GB,True
2019_5_IND_KC,2019,5,IND,KC,False
2019_5_IND_KC,2019,5,KC,IND,False
2019_5_JAC_CAR,2019,5,JAC,CAR,True
2019_5_JAC_CAR,2019,5,CAR,JAC,True
2019_5_LAR_SEA,2019,5,LAR,SEA,False
2019_5_LAR_SEA,2019,5,SEA,LAR,False
2019_5_MIN_NYG,2019,5,MIN,NYG,True
2019_5_MIN_NYG,2019,5,NYG,MIN,True
2019_5_NE_WAS,2019,5,NE,WAS,True
2019_5_NE_WAS,2019,5,WAS,NE,True
2019_5_NYJ_PHI,2019,5,NYJ,PHI,True
2019_5_NYJ_PHI,2019,5,PHI,NYJ,True
2019_5_TB_NO,2019,5,TB,NO,True
2019_5_TB_NO,2019,5,NO,TB,True
2019_6_ATL_ARI,2019,6,ATL,ARI,True
2019_6_ATL_ARI,2019,6,ARI,ATL,True
2019_6_CAR_TB,2019,6,CAR,TB,False
2019_6_CAR_TB,2019,6,TB,CAR,False
2019_6_CIN_BAL,2019,6,CIN,BAL,True
2019_6_CIN_BAL,2019,6,BAL,CIN,True
2019_6_DAL_NYJ,2019,6,DAL,NYJ,True
2019_6_DAL_NYJ,2019,6,NYJ,DAL,True
2019_6_DET_GB,2019,6,DET,GB,False
2019_6_DET_GB,2019,6,GB,DET,False
2019_6_HOU_KC,2019,6,HOU,KC,True
2019_6_HOU_KC,2019,6,KC,HOU,True
2019_6_NO_JAC,2019,6,NO,JAC,True
2019_6_NO_JAC,2019,6,JAC,NO,True
2019_6_NYG_NE,2019,6,NYG,NE,False
2019_6_NYG_NE,2019,6,NE,NYG,False
2019_6_PHI_MIN,2019,6,PHI,MIN,True
2019_6_PHI_MIN,2019,6,MIN,PHI,True
2019_6_PIT_LAC,2019,6,PIT,LAC,False
2019_6_PIT_LAC,2019,6,LAC,PIT,False
2019_6_SEA_CLE,2019,6,SEA,CLE,True
2019_6_SEA_CLE,2019,6,CLE,SEA,True
2019_6_SF_LAR,2019,6,SF,LAR,True
2019_6_SF_LAR,2019,6,LAR,SF,True
2019_6_TEN_DEN,2019,6,TEN,DEN,True
2019_6_TEN_DEN,2019,6,DEN,TEN,True
2019_6_WAS_MIA,2019,6,WAS,MIA,True
2019_6_WAS_MIA,2019,6,MIA,WAS,True
2019_7_ARI_NYG,2019,7,ARI,NYG,True
2019_7_ARI_NYG,2019,7,NYG,ARI,True
2019_7_BAL_SEA,2019,7,BAL,SEA,True
2019_7_BAL_SEA,2019,7,SEA,BAL,True
2019_7_HOU_IND,2019,7,HOU,IND,True
2019_7_HOU_IND,2019,7,IND,HOU,True
2019_7_JAC_CIN,2019,7,JAC,CIN,True
2019_7_JAC_CIN,2019,7,CIN,JAC,True
2019_7_KC_DEN,2019,7,KC,DEN,False
2019_7_KC_DEN,2019,7,DEN,KC,False
2019_7_LAC_TEN,2019,7,LAC,TEN,True
2019_7_LAC_TEN,2019,7,TEN,LAC,True
2019_7_LAR_ATL,2019,7,LAR,ATL,True
2019_7_LAR_ATL,2019,7,ATL,LAR,True
2019_7_LVR_GB,2019,7,LVR,GB,True
2019_7_LVR_GB,2019,7,GB,LVR,True
2019_7_MIA_BUF,2019,7,MIA,BUF,True
2019_7_MIA_BUF,2019,7,BUF,MIA,True
2019_7_MIN_DET,2019,7,MIN,DET,True
2019_7_MIN_DET,2019,7,DET,MIN,True
2019_7_NE_NYJ,2019,7,NE,NYJ,False
2019_7_NE_NYJ,2019,7,NYJ,NE,False
2019_7_NO_CHI,2019,7,NO,CHI,True
2019_7_NO_CHI,2019,7,CHI,NO,True
2019_7_PHI_DAL,2019,7,PHI,DAL,False
2019_7_PHI_DAL,2019,7,DAL,PHI,False
2019_7_SF_WAS,2019,7,SF,WAS,True
2019_7_SF_WAS,2019,7,WAS,SF,True
2019_8_ARI_NO,2019,8,ARI,NO,True
2019_8_ARI_NO,2019,8,NO,ARI,True
2019_8_CAR_SF,2019,8,CAR,SF,True
2019_8_CAR_SF,2019,8,SF,CAR,True
2019_8_CIN_LAR,2019,8,CIN,LAR,True
2019_8_CIN_LAR,2019,8,LAR,CIN,True
2019_8_CLE_NE,2019,8,CLE,NE,True
2019_8_CLE_NE,2019,8,NE,CLE,True
2019_8_DEN_IND,2019,8,DEN,IND,True
2019_8_DEN_IND,2019,8,IND,DEN,True
2019_8_GB_KC,2019,8,GB,KC,False
2019_8_GB_KC,2019,8,KC,GB,False
2019_8_LAC_CHI,2019,8,LAC,CHI,True
2019_8_LAC_CHI,2019,8,CHI,LAC,True
2019_8_LVR_HOU,2019,8,LVR,HOU,True
2019_8_LVR_HOU,2019,8,HOU,LVR,True
2019_8_MIA_PIT,2019,8,MIA,PIT,False
2019_8_MIA_PIT,2019,8,PIT,MIA,False
2019_8_NYG_DET,2019,8,NYG,DET,True
2019_8_NYG_DET,2019,8,DET,NYG,True
2019_8_NYJ_JAC,2019,8,NYJ,JAC,True
2019_8_NYJ_JAC,2019,8,JAC,NYJ,True
2019_8_PHI_BUF,2019,8,PHI,BUF,True
2019_8_PHI_BUF,2019,8,BUF,PHI,True
2019_8_SEA_ATL,2019,8,SEA,ATL,True
2019_8_SEA_ATL,2019,8,ATL,SEA,True
2019_8_TB_TEN,2019,8,TB,TEN,True
2019_8_TB_TEN,2019,8,TEN,TB,True
2019_8_WAS_MIN,2019,8,WAS,MIN,False
2019_8_WAS_MIN,2019,8,MIN,WAS,False
2019_9_CHI_PHI,2019,9,CHI,PHI,True
2019_9_CHI_PHI,2019,9,PHI,CHI,True
2019_9_CLE_DEN,2019,9,CLE,DEN,True
2019_9_CLE_DEN,2019,9,DEN,CLE,True
2019_9_DAL_NYG,2019,9,DAL,NYG,False
2019_9_DAL_NYG,2019,9,NYG,DAL,False
2019_9_DET_LVR,2019,9,DET,LVR,True
2019_9_DET_LVR,2019,9,LVR,DET,True
2019_9_GB_LAC,2019,9,GB,LAC,True
2019_9_GB_LAC,2019,9,LAC,GB,True
2019_9_HOU_JAC,2019,9,HOU,JAC,False
2019_9_HOU_JAC,2019,9,JAC,HOU,False
2019_9_IND_PIT,2019,9,IND,PIT,True
2019_9_IND_PIT,2019,9,PIT,IND,True
2019_9_MIN_KC,2019,9,MIN,KC,True
2019_9_MIN_KC,2019,9,KC,MIN,True
2019_9_NE_BAL,2019,9,NE,BAL,False
2019_9_NE_BAL,2019,9,BAL,NE,False
2019_9_NYJ_MIA,2019,9,NYJ,MIA,True
2019_9_NYJ_MIA,2019,9,MIA,NYJ,True
2019_9_SF_ARI,2019,9,SF,ARI,False
2019_9_SF_ARI,2019,9,ARI,SF,False
2019_9_TB_SEA,2019,9,TB,SEA,True
2019_9_TB_SEA,2019,9,SEA,TB,True
2019_9_TEN_CAR,2019,9,TEN,CAR,True
2019_9_TEN_CAR,2019,9,CAR,TEN,True
2019_9_WAS_BUF,2019,9,WAS,BUF,True
2019_9_WAS_BUF,2019,9,BUF,WAS,True
2019_10_ARI_TB,2019,10,ARI,TB,True
2019_10_ARI_TB,2019,10,TB,ARI,True
2019_10_ATL_NO,2019,10,ATL,NO,True
2019_10_ATL_NO,2019,10,NO,ATL,True
2019_10_BAL_CIN,2019,10,BAL,CIN,True
2019_10_BAL_CIN,2019,10,CIN,BAL,True
2019_10_BUF_CLE,2019,10,BUF,CLE,True
2019_10_BUF_CLE,2019,10,CLE,BUF,True
2019_10_CAR_GB,2019,10,CAR,GB,True
2019_10_CAR_GB,2019,10,GB,CAR,True
2019_10_DET_CHI,2019,10,DET,CHI,True
2019_10_DET_CHI,2019,10,CHI,DET,True
2019_10_KC_TEN,2019,10,KC,TEN,True
2019_10_KC_TEN,2019,10,TEN,KC,True
2019_10_LAC_LVR,2019,10,LAC,LVR,False
2019_10_LAC_LVR,2019,10,LVR,LAC,False
2019_10_LAR_PIT,2019,10,LAR,PIT,True
2019_10_LAR_PIT,2019,10,PIT,LAR,True
2019_10_MIA_IND,2019,10,MIA,IND,True
2019_10_MIA_IND,2019,10,IND,MIA,True
2019_10_MIN_DAL,2019,10,MIN,DAL,False
2019_10_MIN_DAL,2019,10,DAL,MIN,False
2019_10_NYG_NYJ,2019,10,NYG,NYJ,True
2019_10_NYG_NYJ,2019,10,NYJ,NYG,True
2019_10_SEA_SF,2019,10,SEA,SF,False
2019_10_SEA_SF,2019,10,SF,SEA,False
2019_11_ARI_SF,2019,11,ARI,SF,True
2019_11_ARI_SF,2019,11,SF,ARI,True
2019_11_ATL_CAR,2019,11,ATL,CAR,True
2019_11_ATL_CAR,2019,11,CAR,ATL,True
2019_11_BUF_MIA,2019,11,BUF,MIA,True
2019_11_BUF_MIA,2019,11,MIA,BUF,True
2019_11_CHI_LAR,2019,11,CHI,LAR,False
2019_11_CHI_LAR,2019,11,LAR,CHI,False
2019_11_CIN_LVR,2019,11,CIN,LVR,True
2019_11_CIN_LVR,2019,11,LVR,CIN,True
2019_11_DAL_DET,2019,11,DAL,DET,True
2019_11_DAL_DET,2019,11,DET,DAL,True
2019_11_DEN_MIN,2019,11,DEN,MIN,True
2019_11_DEN_MIN,2019,11,MIN,DEN,True
2019_11_HOU_BAL,2019,11,HOU,BAL,True
2019_11_HOU_BAL,2019,11,BAL,HOU,True
2019_11_JAC_IND,2019,11,JAC,IND,True
2019_11_JAC_IND,2019,11,IND,JAC,True
2019_11_KC_LAC,2019,11,KC,LAC,False
2019_11_KC_LAC,2019,11,LAC,KC,False
2019_11_NE_PHI,2019,11,NE,PHI,True
2019_11_NE_PHI,2019,11,PHI,NE,True
2019_11_NO_TB,2019,11,NO,TB,True
2019_11_NO_TB,2019,11,TB,NO,True
2019_11_NYJ_WAS,2019,11,NYJ,WAS,True
2019_11_NYJ_WAS,2019,11,WAS,NYJ,True
2019_11_PIT_CLE,2019,11,PIT,CLE,False
2019_11_PIT_CLE,2019,11,CLE,PIT,False
2019_12_BAL_LAR,2019,12,BAL,LAR,False
2019_12_BAL_LAR,2019,12,LAR,BAL,False
2019_12_CAR_NO,2019,12,CAR,NO,True
2019_12_CAR_NO,2019,12,NO,CAR,True
2019_12_DAL_NE,2019,12,DAL,NE,True
2019_12_DAL_NE,2019,12,NE,DAL,True
2019_12_DEN_BUF,2019,12,DEN,BUF,True
2019_12_DEN_BUF,2019,12,BUF,DEN,True
2019_12_DET_WAS,2019,12,DET,WAS,True
2019_12_DET_WAS,2019,12,WAS,DET,True
2019_12_GB_SF,2019,12,GB,SF,False
2019_12_GB_SF,2019,12,SF,GB,False
2019_12_IND_HOU,2019,12,IND,HOU,False
2019_12_IND_HOU,2019,12,HOU,IND,False
2019_12_JAC_TEN,2019,12,JAC,TEN,True
2019_12_JAC_TEN,2019,12,TEN,JAC,True
2019_12_LVR_NYJ,2019,12,LVR,NYJ,True
2019_12_LVR_NYJ,2019,12,NYJ,LVR,True
2019_12_MIA_CLE,2019,12,MIA,CLE,True
2019_12_MIA_CLE,2019,12,CLE,MIA,True
2019_12_NYG_CHI,2019,12,NYG,CHI,True
2019_12_NYG_CHI,2019,12,CHI,NYG,True
2019_12_PIT_CIN,2019,12,PIT,CIN,True
2019_12_PIT_CIN,2019,12,CIN,PIT,True
2019_12_SEA_PHI,2019,12,SEA,PHI,True
2019_12_SEA_PHI,2019,12,PHI,SEA,True
2019_12_TB_ATL,2019,12,TB,ATL,True
2019_12_TB_ATL,2019,12,ATL,TB,True
2019_13_BUF_DAL,2019,13,BUF,DAL,False
2019_13_BUF_DAL,2019,13,DAL,BUF,False
2019_13_CHI_DET,2019,13,CHI,DET,False
2019_13_CHI_DET,2019,13,DET,CHI,False
2019_13_CLE_PIT,2019,13,CLE,PIT,True
2019_13_CLE_PIT,2019,13,PIT,CLE,True
2019_13_GB_NYG,2019,13,GB,NYG,True
2019_13_GB_NYG,2019,13,NYG,GB,True
2019_13_LAC_DEN,2019,13,LAC,DEN,True
2019_13_LAC_DEN,2019,13,DEN,LAC,True
2019_13_LAR_ARI,2019,13,LAR,ARI,True
2019_13_LAR_ARI,2019,13,ARI,LAR,True
2019_13_LVR_KC,2019,13,LVR,KC,True
2019_13_LVR_KC,2019,13,KC,LVR,True
2019_13_MIN_SEA,2019,13,MIN,SEA,False
2019_13_MIN_SEA,2019,13,SEA,MIN,False
2019_13_NE_HOU,2019,13,NE,HOU,False
2019_13_NE_HOU,2019,13,HOU,NE,False
2019_13_NO_ATL,2019,13,NO,ATL,False
2019_13_NO_ATL,2019,13,ATL,NO,False
2019_13_NYJ_CIN,2019,13,NYJ,CIN,True
2019_13_NYJ_CIN,2019,13,CIN,NYJ,True
2019_13_PHI_MIA,2019,13,PHI,MIA,True
2019_13_PHI_MIA,2019,13,MIA,PHI,True
2019_13_SF_BAL,2019,13,SF,BAL,True
2019_13_SF_BAL,2019,13,BAL,SF,True
2019_13_TB_JAC,2019,13,TB,JAC,True
2019_13_TB_JAC,2019,13,JAC,TB,True
2019_13_TEN_IND,2019,13,TEN,IND,True
2019_13_TEN_IND,2019,13,IND,TEN,True
2019_13_WAS_CAR,2019,13,WAS,CAR,True
2019_13_WAS_CAR,2019,13,CAR,WAS,True
2019_14_BAL_BUF,2019,14,BAL,BUF,True
2019_14_BAL_BUF,2019,14,BUF,BAL,True
2019_14_CAR_ATL,2019,14,CAR,ATL,True
2019_14_CAR_ATL,2019,14,ATL,CAR,True
2019_14_CIN_CLE,2019,14,CIN,CLE,True
2019_14_CIN_CLE,2019,14,CLE,CIN,True
2019_14_DAL_CHI,2019,14,DAL,CHI,False
2019_14_DAL_CHI,2019,14,CHI,DAL,False
2019_14_DEN_HOU,2019,14,DEN,HOU,True
2019_14_DEN_HOU,2019,14,HOU,DEN,True
2019_14_DET_MIN,2019,14,DET,MIN,True
2019_14_DET_MIN,2019,14,MIN,DET,True
2019_14_IND_TB,2019,14,IND,TB,True
2019_14_IND_TB,2019,14,TB,IND,True
2019_14_KC_NE,2019,14,KC,NE,True
2019_14_KC_NE,2019,14,NE,KC,True
2019_14_LAC_JAC,2019,14,LAC,JAC,True
2019_14_LAC_JAC,2019,14,JAC,LAC,True
2019_14_MIA_NYJ,2019,14,MIA,NYJ,True
2019_14_MIA_NYJ,2019,14,NYJ,MIA,True
2019_14_NYG_PHI,2019,14,NYG,PHI,False
2019_14_NYG_PHI,2019,14,PHI,NYG,False
2019_14_PIT_ARI,2019,14,PIT,ARI,True
2019_14_PIT_ARI,2019,14,ARI,PIT,True
2019_14_SEA_LAR,2019,14,SEA,LAR,False
2019_14_SEA_LAR,2019,14,LAR,SEA,False
2019_14_SF_NO,2019,14,SF,NO,True
2019_14_SF_NO,2019,14,NO,SF,True
2019_14_TEN_LVR,2019,14,TEN,LVR,True
2019_14_TEN_LVR,2019,14,LVR,TEN,True
2019_14_WAS_GB,2019,14,WAS,GB,True
2019_14_WAS_GB,2019,14,GB,WAS,True
2019_15_ATL_SF,2019,15,ATL,SF,True
2019_15_ATL_SF,2019,15,SF,ATL,True
2019_15_BUF_PIT,2019,15,BUF,PIT,False
2019_15_BUF_PIT,2019,15,PIT,BUF,False
2019_15_CHI_GB,2019,15,CHI,GB,True
2019_15_CHI_GB,2019,15,GB,CHI,True
2019_15_CLE_ARI,2019,15,CLE,ARI,True
2019_15_CLE_ARI,2019,15,ARI,CLE,True
2019_15_DEN_KC,2019,15,DEN,KC,True
2019_15_DEN_KC,2019,15,KC,DEN,True
2019_15_HOU_TEN,2019,15,HOU,TEN,True
2019_15_HOU_TEN,2019,15,TEN,HOU,True
2019_15_IND_NO,2019,15,IND,NO,False
2019_15_IND_NO,2019,15,NO,IND,False
2019_15_JAC_LVR,2019,15,JAC,LVR,True
2019_15_JAC_LVR,2019,15,LVR,JAC,True
2019_15_LAR_DAL,2019,15,LAR,DAL,True
2019_15_LAR_DAL,2019,15,DAL,LAR,True
2019_15_MIA_NYG,2019,15,MIA,NYG,True
2019_15_MIA_NYG,2019,15,NYG,MIA,True
2019_15_MIN_LAC,2019,15,MIN,LAC,True
2019_15_MIN_LAC,2019,15,LAC,MIN,True
2019_15_NE_CIN,2019,15,NE,CIN,True
2019_15_NE_CIN,2019,15,CIN,NE,True
2019_15_NYJ_BAL,2019,15,NYJ,BAL,False
2019_15_NYJ_BAL,2019,15,BAL,NYJ,False
2019_15_PHI_WAS,2019,15,PHI,WAS,True
2019_15_PHI_WAS,2019,15,WAS,PHI,True
2019_15_SEA_CAR,2019,15,SEA,CAR,True
2019_15_SEA_CAR,2019,15,CAR,SEA,True
2019_15_TB_DET,2019,15,TB,DET,True
2019_15_TB_DET,2019,15,DET,TB,True
2019_16_ARI_SEA,2019,16,ARI,SEA,True
2019_16_ARI_SEA,2019,16,SEA,ARI,True
2019_16_BAL_CLE,2019,16,BAL,CLE,True
2019_16_BAL_CLE,2019,16,CLE,BAL,True
2019_16_BUF_NE,2019,16,BUF,NE,False
2019_16_BUF_NE,2019,16,NE,BUF,False
2019_16_CAR_IND,2019,16,CAR,IND,True
2019_16_CAR_IND,2019,16,IND,CAR,True
2019_16_CIN_MIA,2019,16,CIN,MIA,True
2019_16_CIN_MIA,2019,16,MIA,CIN,True
2019_16_DAL_PHI,2019,16,DAL,PHI,True
2019_16_DAL_PHI,2019,16,PHI,DAL,True
2019_16_DET_DEN,2019,16,DET,DEN,True
2019_16_DET_DEN,2019,16,DEN,DET,True
2019_16_GB_MIN,2019,16,GB,MIN,False
2019_16_GB_MIN,2019,16,MIN,GB,False
2019_16_HOU_TB,2019,16,HOU,TB,False
2019_16_HOU_TB,2019,16,TB,HOU,False
2019_16_JAC_ATL,2019,16,JAC,ATL,True
2019_16_JAC_ATL,2019,16,ATL,JAC,True
2019_16_KC_CHI,2019,16,KC,CHI,False
2019_16_KC_CHI,2019,16,CHI,KC,False
2019_16_LAR_SF,2019,16,LAR,SF,False
2019_16_LAR_SF,2019,16,SF,LAR,False
2019_16_LVR_LAC,2019,16,LVR,LAC,True
2019_16_LVR_LAC,2019,16,LAC,LVR,True
2019_16_NO_TEN,2019,16,NO,TEN,True
2019_16_NO_TEN,2019,16,TEN,NO,True
2019_16_NYG_WAS,2019,16,NYG,WAS,True
2019_16_NYG_WAS,2019,16,WAS,NYG,True
2019_16_PIT_NYJ,2019,16,PIT,NYJ,True
2019_16_PIT_NYJ,2019,16,NYJ,PIT,True
2019_17_ARI_LAR,2019,17,ARI,LAR,True
2019_17_ARI_LAR,2019,17,LAR,ARI,True
2019_17_ATL_TB,2019,17,ATL,TB,True
2019_17_ATL_TB,2019,17,TB,ATL,True
2019_17_CHI_MIN,2019,17,CHI,MIN,True
2019_17_CHI_MIN,2019,17,MIN,CHI,True
2019_17_CLE_CIN,2019,17,CLE,CIN,True
2019_17_CLE_CIN,2019,17,CIN,CLE,True
2019_17_GB_DET,2019,17,GB,DET,True
2019_17_GB_DET,2019,17,DET,GB,True
2019_17_IND_JAC,2019,17,IND,JAC,True
2019_17_IND_JAC,2019,17,JAC,IND,True
2019_17_LAC_KC,2019,17,LAC,KC,True
2019_17_LAC_KC,2019,17,KC,LAC,True
2019_17_LVR_DEN,2019,17,LVR,DEN,True
2019_17_LVR_DEN,2019,17,DEN,LVR,True
2019_17_MIA_NE,2019,17,MIA,NE,True
2019_17_MIA_NE,2019,17,NE,MIA,True
2019_17_NO_CAR,2019,17,NO,CAR,True
2019_17_NO_CAR,2019,17,CAR,NO,True
2019_17_NYJ_BUF,2019,17,NYJ,BUF,True
2019_17_NYJ_BUF,2019,17,BUF,NYJ,True
2019_17_PHI_NYG,2019,17,PHI,NYG,True
2019_17_PHI_NYG,2019,17,NYG,PHI,True
2019_17_PIT_BAL,2019,17,PIT,BAL,True
2019_17_PIT_BAL,2019,17,BAL,PIT,True
2019_17_SF_SEA,2019,17,SF,SEA,False
2019_17_SF_SEA,2019,17,SEA,SF,False
2019_17_TEN_HOU,2019,17,TEN,HOU,True
2019_17_TEN_HOU,2019,17,HOU,TEN,True
2019_17_WAS_DAL,2019,17,WAS,DAL,True
2019_17_WAS_DAL,2019,17,DAL,WAS,True
2019_18_BUF_HOU,2019,18,BUF,HOU,False
2019_18_BUF_HOU,2019,18,HOU,BUF,False
2019_18_MIN_NO,2019,18,MIN,NO,True
2019_18_MIN_NO,2019,18,NO,MIN,True
2019_18_SEA_PHI,2019,18,SEA,PHI,True
2019_18_SEA_PHI,2019,18,PHI,SEA,True
2019_18_TEN_NE,2019,18,TEN,NE,False
2019_18_TEN_NE,2019,18,NE,TEN,False
2019_19_HOU_KC,2019,19,HOU,KC,True
2019_19_HOU_KC,2019,19,KC,HOU,True
2019_19_MIN_SF,2019,19,MIN,SF,False
2019_19_MIN_SF,2019,19,SF,MIN,False
2019_19_SEA_GB,2019,19,SEA,GB,True
2019_19_SEA_GB,2019,19,GB,SEA,True
2019_19_TEN_BAL,2019,19,TEN,BAL,False
2019_19_TEN_BAL,2019,19,BAL,TEN,False
2019_20_GB_SF,2019,20,GB,SF,True
2019_20_GB_SF,2019,20,SF,GB,True
2019_20_TEN_KC,2019,20,TEN,KC,True
2019_20_TEN_KC,2019,20,KC,TEN,True
2019_21_SF_KC,2019,21,SF,KC,True
2019_21_SF_KC,2019,21,KC,SF,True
2020_1_ARI_SF,2020,1,ARI,SF,True
2020_1_ARI_SF,2020,1,SF,ARI,True
2020_1_CHI_DET,2020,1,CHI,DET,True
2020_1_CHI_DET,2020,1,DET,CHI,True
2020_1_CLE_BAL,2020,1,CLE,BAL,True
2020_1_CLE_BAL,2020,1,BAL,CLE,True
2020_1_DAL_LAR,2020,1,DAL,LAR,False
2020_1_DAL_LAR,2020,1,LAR,DAL,False
2020_1_GB_MIN,2020,1,GB,MIN,True
2020_1_GB_MIN,2020,1,MIN,GB,True
2020_1_HOU_KC,2020,1,HOU,KC,False
2020_1_HOU_KC,2020,1,KC,HOU,False
2020_1_IND_JAC,2020,1,IND,JAC,True
2020_1_IND_JAC,2020,1,JAC,IND,True
2020_1_LAC_CIN,2020,1,LAC,CIN,True
2020_1_LAC_CIN,2020,1,CIN,LAC,True
2020_1_LVR_CAR,2020,1,LVR,CAR,True
2020_1_LVR_CAR,2020,1,CAR,LVR,True
2020_1_MIA_NE,2020,1,MIA,NE,True
2020_1_MIA_NE,2020,1,NE,MIA,True
2020_1_NYJ_BUF,2020,1,NYJ,BUF,True
2020_1_NYJ_BUF,2020,1,BUF,NYJ,True
2020_1_PHI_WAS,2020,1,PHI,WAS,True
2020_1_PHI_WAS,2020,1,WAS,PHI,True
2020_1_PIT_NYG,2020,1,PIT,NYG,False
2020_1_PIT_NYG,2020,1,NYG,PIT,False
2020_1_SEA_ATL,2020,1,SEA,ATL,True
2020_1_SEA_ATL,2020,1,ATL,SEA,True
2020_1_TB_NO,2020,1,TB,NO,True
2020_1_TB_NO,2020,1,NO,TB,True
2020_1_TEN_DEN,2020,1,TEN,DEN,False
2020_1_TEN_DEN,2020,1,DEN,TEN,False
2020_2_ATL_DAL,2020,2,ATL,DAL,True
2020_2_ATL_DAL,2020,2,DAL,ATL,True
2020_2_BAL_HOU,2020,2,BAL,HOU,True
2020_2_BAL_HOU,2020,2,HOU,BAL,True
2020_2_BUF_MIA,2020,2,BUF,MIA,True
2020_2_BUF_MIA,2020,2,MIA,BUF,True
2020_2_CAR_TB,2020,2,CAR,TB,True
2020_2_CAR_TB,2020,2,TB,CAR,True
2020_2_CIN_CLE,2020,2,CIN,CLE,False
2020_2_CIN_CLE,2020,2,CLE,CIN,False
2020_2_DEN_PIT,2020,2,DEN,PIT,True
2020_2_DEN_PIT,2020,2,PIT,DEN,True
2020_2_DET_GB,2020,2,DET,GB,True
2020_2_DET_GB,2020,2,GB,DET,True
2020_2_JAC_TEN,2020,2,JAC,TEN,True
2020_2_JAC_TEN,2020,2,TEN,JAC,True
2020_2_KC_LAC,2020,2,KC,LAC,True
2020_2_KC_LAC,2020,2,LAC,KC,True
2020_2_LAR_PHI,2020,2,LAR,PHI,True
2020_2_LAR_PHI,2020,2,PHI,LAR,True
2020_2_MIN_IND,2020,2,MIN,IND,True
2020_2_MIN_IND,2020,2,IND,MIN,True
2020_2_NE_SEA,2020,2,NE,SEA,False
2020_2_NE_SEA,2020,2,SEA,NE,False
2020_2_NO_LVR,2020,2,NO,LVR,False
2020_2_NO_LVR,2020,2,LVR,NO,False
2020_2_NYG_CHI,2020,2,NYG,CHI,True
2020_2_NYG_CHI,2020,2,CHI,NYG,True
2020_2_SF_NYJ,2020,2,SF,NYJ,True
2020_2_SF_NYJ,2020,2,NYJ,SF,True
2020_2_WAS_ARI,2020,2,WAS,ARI,True
2020_2_WAS_ARI,2020,2,ARI,WAS,True
2020_3_CAR_LAC,2020,3,CAR,LAC,True
2020_3_CAR_LAC,2020,3,LAC,CAR,True
2020_3_CHI_ATL,2020,3,CHI,ATL,True
2020_3_CHI_ATL,2020,3,ATL,CHI,True
2020_3_CIN_PHI,2020,3,CIN,PHI,True
2020_3_CIN_PHI,2020,3,PHI,CIN,True
2020_3_DAL_SEA,2020,3,DAL,SEA,True
2020_3_DAL_SEA,2020,3,SEA,DAL,True
2020_3_DET_ARI,2020,3,DET,ARI,True
2020_3_DET_ARI,2020,3,ARI,DET,True
2020_3_GB_NO,2020,3,GB,NO,False
2020_3_GB_NO,2020,3,NO,GB,False
2020_3_HOU_PIT,2020,3,HOU,PIT,True
2020_3_HOU_PIT,2020,3,PIT,HOU,True
2020_3_KC_BAL,2020,3,KC,BAL,False
2020_3_KC_BAL,2020,3,BAL,KC,False
2020_3_LAR_BUF,2020,3,LAR,BUF,True
2020_3_LAR_BUF,2020,3,BUF,LAR,True
2020_3_LVR_NE,2020,3,LVR,NE,True
2020_3_LVR_NE,2020,3,NE,LVR,True
2020_3_MIA_JAC,2020,3,MIA,JAC,False
2020_3_MIA_JAC,2020,3,JAC,MIA,False
2020_3_NYJ_IND,2020,3,NYJ,IND,True
2020_3_NYJ_IND,2020,3,IND,NYJ,True
2020_3_SF_NYG,2020,3,SF,NYG,True
2020_3_SF_NYG,2020,3,NYG,SF,True
2020_3_TB_DEN,2020,3,TB,DEN,True
2020_3_TB_DEN,2020,3,DEN,TB,True
2020_3_TEN_MIN,2020,3,TEN,MIN,True
2020_3_TEN_MIN,2020,3,MIN,TEN,True
2020_3_WAS_CLE,2020,3,WAS,CLE,True
2020_3_WAS_CLE,2020,3,CLE,WAS,True
2020_4_ARI_CAR,2020,4,ARI,CAR,True
2020_4_ARI_CAR,2020,4,CAR,ARI,True
2020_4_ATL_GB,2020,4,ATL,GB,False
2020_4_ATL_GB,2020,4,GB,ATL,False
2020_4_BAL_WAS,2020,4,BAL,WAS,True
2020_4_BAL_WAS,2020,4,WAS,BAL,True
2020_4_BUF_LVR,2020,4,BUF,LVR,True
2020_4_BUF_LVR,2020,4,LVR,BUF,True
2020_4_CLE_DAL,2020,4,CLE,DAL,True
2020_4_CLE_DAL,2020,4,DAL,CLE,True
2020_4_DEN_NYJ,2020,4,DEN,NYJ,False
2020_4_DEN_NYJ,2020,4,NYJ,DEN,False
2020_4_IND_CHI,2020,4,IND,CHI,True
2020_4_IND_CHI,2020,4,CHI,IND,True
2020_4_JAC_CIN,2020,4,JAC,CIN,True
2020_4_JAC_CIN,2020,4,CIN,JAC,True
2020_4_LAC_TB,2020,4,LAC,TB,True
2020_4_LAC_TB,2020,4,TB,LAC,True
2020_4_MIN_HOU,2020,4,MIN,HOU,True
2020_4_MIN_HOU,2020,4,HOU,MIN,True
2020_4_NE_KC,2020,4,NE,KC,False
2020_4_NE_KC,2020,4,KC,NE,False
2020_4_NO_DET,2020,4,NO,DET,True
2020_4_NO_DET,2020,4,DET,NO,True
2020_4_NYG_LAR,2020,4,NYG,LAR,True
2020_4_NYG_LAR,2020,4,LAR,NYG,True
2020_4_PHI_SF,2020,4,PHI,SF,False
2020_4_PHI_SF,2020,4,SF,PHI,False
2020_4_SEA_MIA,2020,4,SEA,MIA,True
2020_4_SEA_MIA,2020,4,MIA,SEA,True
2020_5_ARI_NYJ,2020,5,ARI,NYJ,True
2020_5_ARI_NYJ,2020,5,NYJ,ARI,True
2020_5_BUF_TEN,2020,5,BUF,TEN,False
2020_5_BUF_TEN,2020,5,TEN,BUF,False
2020_5_CAR_ATL,2020,5,CAR,ATL,True
2020_5_CAR_ATL,2020,5,ATL,CAR,True
2020_5_CIN_BAL,2020,5,CIN,BAL,True
2020_5_CIN_BAL,2020,5,BAL,CIN,True
2020_5_IND_CLE,2020,5,IND,CLE,True
2020_5_IND_CLE,2020,5,CLE,IND,True
2020_5_JAC_HOU,2020,5,JAC,HOU,True
2020_5_JAC_HOU,2020,5,HOU,JAC,True
2020_5_LAC_NO,2020,5,LAC,NO,False
2020_5_LAC_NO,2020,5,NO,LAC,False
2020_5_LAR_WAS,2020,5,LAR,WAS,True
2020_5_LAR_WAS,2020,5,WAS,LAR,True
2020_5_LVR_KC,2020,5,LVR,KC,True
2020_5_LVR_KC,2020,5,KC,LVR,True
2020_5_MIA_SF,2020,5,MIA,SF,True
2020_5_MIA_SF,2020,5,SF,MIA,True
2020_5_MIN_SEA,2020,5,MIN,SEA,False
2020_5_MIN_SEA,2020,5,SEA,MIN,False
2020_5_NYG_DAL,2020,5,NYG,DAL,True
2020_5_NYG_DAL,2020,5,DAL,NYG,True
2020_5_PHI_PIT,2020,5,PHI,PIT,True
2020_5_PHI_PIT,2020,5,PIT,PHI,True
2020_5_TB_CHI,2020,5,TB,CHI,False
2020_5_TB_CHI,2020,5,CHI,TB,False
2020_6_ARI_DAL,2020,6,ARI,DAL,False
2020_6_ARI_DAL,2020,6,DAL,ARI,False
2020_6_ATL_MIN,2020,6,ATL,MIN,True
2020_6_ATL_MIN,2020,6,MIN,ATL,True
2020_6_BAL_PHI,2020,6,BAL,PHI,True
2020_6_BAL_PHI,2020,6,PHI,BAL,True
2020_6_CHI_CAR,2020,6,CHI,CAR,True
2020_6_CHI_CAR,2020,6,CAR,CHI,True
2020_6_CIN_IND,2020,6,CIN,IND,True
2020_6_CIN_IND,2020,6,IND,CIN,True
2020_6_CLE_PIT,2020,6,CLE,PIT,True
2020_6_CLE_PIT,2020,6,PIT,CLE,True
2020_6_DEN_NE,2020,6,DEN,NE,True
2020_6_DEN_NE,2020,6,NE,DEN,True
2020_6_DET_JAC,2020,6,DET,JAC,True
2020_6_DET_JAC,2020,6,JAC,DET,True
2020_6_GB_TB,2020,6,GB,TB,True
2020_6_GB_TB,2020,6,TB,GB,True
2020_6_HOU_TEN,2020,6,HOU,TEN,True
2020_6_HOU_TEN,2020,6,TEN,HOU,True
2020_6_KC_BUF,2020,6,KC,BUF,False
2020_6_KC_BUF,2020,6,BUF,KC,False
2020_6_LAR_SF,2020,6,LAR,SF,False
2020_6_LAR_SF,2020,6,SF,LAR,False
2020_6_NYJ_MIA,2020,6,NYJ,MIA,True
2020_6_NYJ_MIA,2020,6,MIA,NYJ,True
2020_6_WAS_NYG,2020,6,WAS,NYG,True
2020_6_WAS_NYG,2020,6,NYG,WAS,True
2020_7_BUF_NYJ,2020,7,BUF,NYJ,True
2020_7_BUF_NYJ,2020,7,NYJ,BUF,True
2020_7_CAR_NO,2020,7,CAR,NO,True
2020_7_CAR_NO,2020,7,NO,CAR,True
2020_7_CHI_LAR,2020,7,CHI,LAR,False
2020_7_CHI_LAR,2020,7,LAR,CHI,False
2020_7_CLE_CIN,2020,7,CLE,CIN,True
2020_7_CLE_CIN,2020,7,CIN,CLE,True
2020_7_DAL_WAS,2020,7,DAL,WAS,True
2020_7_DAL_WAS,2020,7,WAS,DAL,True
2020_7_DET_ATL,2020,7,DET,ATL,True
2020_7_DET_ATL,2020,7,ATL,DET,True
2020_7_GB_HOU,2020,7,GB,HOU,True
2020_7_GB_HOU,2020,7,HOU,GB,True
2020_7_JAC_LAC,2020,7,JAC,LAC,True
2020_7_JAC_LAC,2020,7,LAC,JAC,True
2020_7_KC_DEN,2020,7,KC,DEN,True
2020_7_KC_DEN,2020,7,DEN,KC,True
2020_7_NYG_PHI,2020,7,NYG,PHI,False
2020_7_NYG_PHI,2020,7,PHI,NYG,False
2020_7_PIT_TEN,2020,7,PIT,TEN,True
2020_7_PIT_TEN,2020,7,TEN,PIT,True
2020_7_SEA_ARI,2020,7,SEA,ARI,False
2020_7_SEA_ARI,2020,7,ARI,SEA,False
2020_7_SF_NE,2020,7,SF,NE,True
2020_7_SF_NE,2020,7,NE,SF,True
2020_7_TB_LVR,2020,7,TB,LVR,True
2020_7_TB_LVR,2020,7,LVR,TB,True
2020_8_ATL_CAR,2020,8,ATL,CAR,False
2020_8_ATL_CAR,2020,8,CAR,ATL,False
2020_8_DAL_PHI,2020,8,DAL,PHI,False
2020_8_DAL_PHI,2020,8,PHI,DAL,False
2020_8_IND_DET,2020,8,IND,DET,True
2020_8_IND_DET,2020,8,DET,IND,True
2020_8_LAC_DEN,2020,8,LAC,DEN,True
2020_8_LAC_DEN,2020,8,DEN,LAC,True
2020_8_LAR_MIA,2020,8,LAR,MIA,True
2020_8_LAR_MIA,2020,8,MIA,LAR,True
2020_8_LVR_CLE,2020,8,LVR,CLE,True
2020_8_LVR_CLE,2020,8,CLE,LVR,True
2020_8_MIN_GB,2020,8,MIN,GB,True
2020_8_MIN_GB,2020,8,GB,MIN,True
2020_8_NE_BUF,2020,8,NE,BUF,True
2020_8_NE_BUF,2020,8,BUF,NE,True
2020_8_NO_CHI,2020,8,NO,CHI,True
2020_8_NO_CHI,2020,8,CHI,NO,True
2020_8_NYJ_KC,2020,8,NYJ,KC,True
2020_8_NYJ_KC,2020,8,KC,NYJ,True
2020_8_PIT_BAL,2020,8,PIT,BAL,True
2020_8_PIT_BAL,2020,8,BAL,PIT,True
2020_8_SF_SEA,2020,8,SF,SEA,True
2020_8_SF_SEA,2020,8,SEA,SF,True
2020_8_TB_NYG,2020,8,TB,NYG,False
2020_8_TB_NYG,2020,8,NYG,TB,False
2020_8_TEN_CIN,2020,8,TEN,CIN,True
2020_8_TEN_CIN,2020,8,CIN,TEN,True
2020_9_BAL_IND,2020,9,BAL,IND,True
2020_9_BAL_IND,2020,9,IND,BAL,True
2020_9_CAR_KC,2020,9,CAR,KC,True
2020_9_CAR_KC,2020,9,KC,CAR,True
2020_9_CHI_TEN,2020,9,CHI,TEN,True
2020_9_CHI_TEN,2020,9,TEN,CHI,True
2020_9_DEN_ATL,2020,9,DEN,ATL,True
2020_9_DEN_ATL,2020,9,ATL,DEN,True
2020_9_DET_MIN,2020,9,DET,MIN,True
2020_9_DET_MIN,2020,9,MIN,DET,True
2020_9_GB_SF,2020,9,GB,SF,False
2020_9_GB_SF,2020,9,SF,GB,False
2020_9_HOU_JAC,2020,9,HOU,JAC,True
2020_9_HOU_JAC,2020,9,JAC,HOU,True
2020_9_LVR_LAC,2020,9,LVR,LAC,True
2020_9_LVR_LAC,2020,9,LAC,LVR,True
2020_9_MIA_ARI,2020,9,MIA,ARI,True
2020_9_MIA_ARI,2020,9,ARI,MIA,True
2020_9_NE_NYJ,2020,9,NE,NYJ,False
2020_9_NE_NYJ,2020,9,NYJ,NE,False
2020_9_NO_TB,2020,9,NO,TB,False
2020_9_NO_TB,2020,9,TB,NO,False
2020_9_NYG_WAS,2020,9,NYG,WAS,True
2020_9_NYG_WAS,2020,9,WAS,NYG,True
2020_9_PIT_DAL,2020,9,PIT,DAL,True
2020_9_PIT_DAL,2020,9,DAL,PIT,True
2020_9_SEA_BUF,2020,9,SEA,BUF,True
2020_9_SEA_BUF,2020,9,BUF,SEA,True
2020_10_BAL_NE,2020,10,BAL,NE,False
2020_10_BAL_NE,2020,10,NE,BAL,False
2020_10_BUF_ARI,2020,10,BUF,ARI,True
2020_10_BUF_ARI,2020,10,ARI,BUF,True
2020_10_CIN_PIT,2020,10,CIN,PIT,True
2020_10_CIN_PIT,2020,10,PIT,CIN,True
2020_10_DEN_LVR,2020,10,DEN,LVR,True
2020_10_DEN_LVR,2020,10,LVR,DEN,True
2020_10_HOU_CLE,2020,10,HOU,CLE,True
2020_10_HOU_CLE,2020,10,CLE,HOU,True
2020_10_IND_TEN,2020,10,IND,TEN,False
2020_10_IND_TEN,2020,10,TEN,IND,False
2020_10_JAC_GB,2020,10,JAC,GB,True
2020_10_JAC_GB,2020,10,GB,JAC,True
2020_10_LAC_MIA,2020,10,LAC,MIA,True
2020_10_LAC_MIA,2020,10,MIA,LAC,True
2020_10_MIN_CHI,2020,10,MIN,CHI,False
2020_10_MIN_CHI,2020,10,CHI,MIN,False
2020_10_PHI_NYG,2020,10,PHI,NYG,True
2020_10_PHI_NYG,2020,10,NYG,PHI,True
2020_10_SEA_LAR,2020,10,SEA,LAR,True
2020_10_SEA_LAR,2020,10,LAR,SEA,True
2020_10_SF_NO,2020,10,SF,NO,True
2020_10_SF_NO,2020,10,NO,SF,True
2020_10_TB_CAR,2020,10,TB,CAR,True
2020_10_TB_CAR,2020,10,CAR,TB,True
2020_10_WAS_DET,2020,10,WAS,DET,True
2020_10_WAS_DET,2020,10,DET,WAS,True
2020_11_ARI_SEA,2020,11,ARI,SEA,False
2020_11_ARI_SEA,2020,11,SEA,ARI,False
2020_11_ATL_NO,2020,11,ATL,NO,True
2020_11_ATL_NO,2020,11,NO,ATL,True
2020_11_CIN_WAS,2020,11,CIN,WAS,True
2020_11_CIN_WAS,2020,11,WAS,CIN,True
2020_11_DAL_MIN,2020,11,DAL,MIN,True
2020_11_DAL_MIN,2020,11,MIN,DAL,True
2020_11_DET_CAR,2020,11,DET,CAR,True
2020_11_DET_CAR,2020,11,CAR,DET,True
2020_11_GB_IND,2020,11,GB,IND,True
2020_11_GB_IND,2020,11,IND,GB,True
2020_11_KC_LVR,2020,11,KC,LVR,False
2020_11_KC_LVR,2020,11,LVR,KC,False
2020_11_LAR_TB,2020,11,LAR,TB,False
2020_11_LAR_TB,2020,11,TB,LAR,False
2020_11_MIA_DEN,2020,11,MIA,DEN,True
2020_11_MIA_DEN,2020,11,DEN,MIA,True
2020_11_NE_HOU,2020,11,NE,HOU,True
2020_11_NE_HOU,2020,11,HOU,NE,True
2020_11_NYJ_LAC,2020,11,NYJ,LAC,True
2020_11_NYJ_LAC,2020,11,LAC,NYJ,True
2020_11_PHI_CLE,2020,11,PHI,CLE,True
2020_11_PHI_CLE,2020,11,CLE,PHI,True
2020_11_PIT_JAC,2020,11,PIT,JAC,True
2020_11_PIT_JAC,2020,11,JAC,PIT,True
2020_11_TEN_BAL,2020,11,TEN,BAL,True
2020_11_TEN_BAL,2020,11,BAL,TEN,True
2020_12_ARI_NE,2020,12,ARI,NE,True
2020_12_ARI_NE,2020,12,NE,ARI,True
2020_12_BAL_PIT,2020,12,BAL,PIT,False
2020_12_BAL_PIT,2020,12,PIT,BAL,False
2020_12_CAR_MIN,2020,12,CAR,MIN,True
2020_12_CAR_MIN,2020,12,MIN,CAR,True
2020_12_CHI_GB,2020,12,CHI,GB,False
2020_12_CHI_GB,2020,12,GB,CHI,False
2020_12_CLE_JAC,2020,12,CLE,JAC,True
2020_12_CLE_JAC,2020,12,JAC,CLE,True
2020_12_HOU_DET,2020,12,HOU,DET,False
2020_12_HOU_DET,2020,12,DET,HOU,False
2020_12_KC_TB,2020,12,KC,TB,True
2020_12_KC_TB,2020,12,TB,KC,True
2020_12_LAC_BUF,2020,12,LAC,BUF,True
2020_12_LAC_BUF,2020,12,BUF,LAC,True
2020_12_LVR_ATL,2020,12,LVR,ATL,True
2020_12_LVR_ATL,2020,12,ATL,LVR,True
2020_12_MIA_NYJ,2020,12,MIA,NYJ,True
2020_12_MIA_NYJ,2020,12,NYJ,MIA,True
2020_12_NO_DEN,2020,12,NO,DEN,True
2020_12_NO_DEN,2020,12,DEN,NO,True
2020_12_NYG_CIN,2020,12,NYG,CIN,True
2020_12_NYG_CIN,2020,12,CIN,NYG,True
2020_12_SEA_PHI,2020,12,SEA,PHI,False
2020_12_SEA_PHI,2020,12,PHI,SEA,False
2020_12_SF_LAR,2020,12,SF,LAR,True
2020_12_SF_LAR,2020,12,LAR,SF,True
2020_12_TEN_IND,2020,12,TEN,IND,True
2020_12_TEN_IND,2020,12,IND,TEN,True
2020_12_WAS_DAL,2020,12,WAS,DAL,False
2020_12_WAS_DAL,2020,12,DAL,WAS,False
2020_13_BUF_SF,2020,13,BUF,SF,False
2020_13_BUF_SF,2020,13,SF,BUF,False
2020_13_CIN_MIA,2020,13,CIN,MIA,True
2020_13_CIN_MIA,2020,13,MIA,CIN,True
2020_13_CLE_TEN,2020,13,CLE,TEN,True
2020_13_CLE_TEN,2020,13,TEN,CLE,True
2020_13_DAL_BAL,2020,13,DAL,BAL,False
2020_13_DAL_BAL,2020,13,BAL,DAL,False
2020_13_DEN_KC,2020,13,DEN,KC,False
2020_13_DEN_KC,2020,13,KC,DEN,False
2020_13_DET_CHI,2020,13,DET,CHI,True
2020_13_DET_CHI,2020,13,CHI,DET,True
2020_13_IND_HOU,2020,13,IND,HOU,True
2020_13_IND_HOU,2020,13,HOU,IND,True
2020_13_JAC_MIN,2020,13,JAC,MIN,True
2020_13_JAC_MIN,2020,13,MIN,JAC,True
2020_13_LAR_ARI,2020,13,LAR,ARI,True
2020_13_LAR_ARI,2020,13,ARI,LAR,True
2020_13_LVR_NYJ,2020,13,LVR,NYJ,True
2020_13_LVR_NYJ,2020,13,NYJ,LVR,True
2020_13_NE_LAC,2020,13,NE,LAC,True
2020_13_NE_LAC,2020,13,LAC,NE,True
2020_13_NO_ATL,2020,13,NO,ATL,True
2020_13_NO_ATL,2020,13,ATL,NO,True
2020_13_NYG_SEA,2020,13,NYG,SEA,True
2020_13_NYG_SEA,2020,13,SEA,NYG,True
2020_13_PHI_GB,2020,13,PHI,GB,True
2020_13_PHI_GB,2020,13,GB,PHI,True
2020_13_WAS_PIT,2020,13,WAS,PIT,True
2020_13_WAS_PIT,2020,13,PIT,WAS,True
2020_14_ARI_NYG,2020,14,ARI,NYG,True
2020_14_ARI_NYG,2020,14,NYG,ARI,True
2020_14_ATL_LAC,2020,14,ATL,LAC,True
2020_14_ATL_LAC,2020,14,LAC,ATL,True
2020_14_BAL_CLE,2020,14,BAL,CLE,False
2020_14_BAL_CLE,2020,14,CLE,BAL,False
2020_14_DAL_CIN,2020,14,DAL,CIN,True
2020_14_DAL_CIN,2020,14,CIN,DAL,True
2020_14_DEN_CAR,2020,14,DEN,CAR,True
2020_14_DEN_CAR,2020,14,CAR,DEN,True
2020_14_GB_DET,2020,14,GB,DET,True
2020_14_GB_DET,2020,14,DET,GB,True
2020_14_HOU_CHI,2020,14,HOU,CHI,True
2020_14_HOU_CHI,2020,14,CHI,HOU,True
2020_14_IND_LVR,2020,14,IND,LVR,True
2020_14_IND_LVR,2020,14,LVR,IND,True
2020_14_KC_MIA,2020,14,KC,MIA,True
2020_14_KC_MIA,2020,14,MIA,KC,True
2020_14_MIN_TB,2020,14,MIN,TB,True
2020_14_MIN_TB,2020,14,TB,MIN,True
2020_14_NE_LAR,2020,14,NE,LAR,False
2020_14_NE_LAR,2020,14,LAR,NE,False
2020_14_NO_PHI,2020,14,NO,PHI,True
2020_14_NO_PHI,2020,14,PHI,NO,True
2020_14_NYJ_SEA,2020,14,NYJ,SEA,True
2020_14_NYJ_SEA,2020,14,SEA,NYJ,True
2020_14_PIT_BUF,2020,14,PIT,BUF,False
2020_14_PIT_BUF,2020,14,BUF,PIT,False
2020_14_TEN_JAC,2020,14,TEN,JAC,True
2020_14_TEN_JAC,2020,14,JAC,TEN,True
2020_14_WAS_SF,2020,14,WAS,SF,True
2020_14_WAS_SF,2020,14,SF,WAS,True
2020_15_BUF_DEN,2020,15,BUF,DEN,True
2020_15_BUF_DEN,2020,15,DEN,BUF,True
2020_15_CAR_GB,2020,15,CAR,GB,True
2020_15_CAR_GB,2020,15,GB,CAR,True
2020_15_CHI_MIN,2020,15,CHI,MIN,True
2020_15_CHI_MIN,2020,15,MIN,CHI,True
2020_15_CLE_NYG,2020,15,CLE,NYG,True
2020_15_CLE_NYG,2020,15,NYG,CLE,True
2020_15_DET_TEN,2020,15,DET,TEN,True
2020_15_DET_TEN,2020,15,TEN,DET,True
2020_15_HOU_IND,2020,15,HOU,IND,True
2020_15_HOU_IND,2020,15,IND,HOU,True
2020_15_JAC_BAL,2020,15,JAC,BAL,True
2020_15_JAC_BAL,2020,15,BAL,JAC,True
2020_15_KC_NO,2020,15,KC,NO,True
2020_15_KC_NO,2020,15,NO,KC,True
2020_15_LAC_LVR,2020,15,LAC,LVR,False
2020_15_LAC_LVR,2020,15,LVR,LAC,False
2020_15_NE_MIA,2020,15,NE,MIA,True
2020_15_NE_MIA,2020,15,MIA,NE,True
2020_15_NYJ_LAR,2020,15,NYJ,LAR,True
2020_15_NYJ_LAR,2020,15,LAR,NYJ,True
2020_15_PHI_ARI,2020,15,PHI,ARI,True
2020_15_PHI_ARI,2020,15,ARI,PHI,True
2020_15_PIT_CIN,2020,15,PIT,CIN,False
2020_15_PIT_CIN,2020,15,CIN,PIT,False
2020_15_SEA_WAS,2020,15,SEA,WAS,True
2020_15_SEA_WAS,2020,15,WAS,SEA,True
2020_15_SF_DAL,2020,15,SF,DAL,False
2020_15_SF_DAL,2020,15,DAL,SF,False
2020_15_TB_ATL,2020,15,TB,ATL,True
2020_15_TB_ATL,2020,15,ATL,TB,True
2020_16_ATL_KC,2020,16,ATL,KC,True
2020_16_ATL_KC,2020,16,KC,ATL,True
2020_16_BUF_NE,2020,16,BUF,NE,False
2020_16_BUF_NE,2020,16,NE,BUF,False
2020_16_CAR_WAS,2020,16,CAR,WAS,True
2020_16_CAR_WAS,2020,16,WAS,CAR,True
2020_16_CHI_JAC,2020,16,CHI,JAC,True
2020_16_CHI_JAC,2020,16,JAC,CHI,True
2020_16_CIN_HOU,2020,16,CIN,HOU,True
2020_16_CIN_HOU,2020,16,HOU,CIN,True
2020_16_CLE_NYJ,2020,16,CLE,NYJ,True
2020_16_CLE_NYJ,2020,16,NYJ,CLE,True
2020_16_DEN_LAC,2020,16,DEN,LAC,True
2020_16_DEN_LAC,2020,16,LAC,DEN,True
2020_16_IND_PIT,2020,16,IND,PIT,True
2020_16_IND_PIT,2020,16,PIT,IND,True
2020_16_LAR_SEA,2020,16,LAR,SEA,True
2020_16_LAR_SEA,2020,16,SEA,LAR,True
2020_16_MIA_LVR,2020,16,MIA,LVR,True
2020_16_MIA_LVR,2020,16,LVR,MIA,True
2020_16_MIN_NO,2020,16,MIN,NO,False
2020_16_MIN_NO,2020,16,NO,MIN,False
2020_16_NYG_BAL,2020,16,NYG,BAL,True
2020_16_NYG_BAL,2020,16,BAL,NYG,True
2020_16_PHI_DAL,2020,16,PHI,DAL,True
2020_16_PHI_DAL,2020,16,DAL,PHI,True
2020_16_SF_ARI,2020,16,SF,ARI,True
2020_16_SF_ARI,2020,16,ARI,SF,True
2020_16_TB_DET,2020,16,TB,DET,True
2020_16_TB_DET,2020,16,DET,TB,True
2020_16_TEN_GB,2020,16,TEN,GB,False
2020_16_TEN_GB,2020,16,GB,TEN,False
2020_17_ARI_LAR,2020,17,ARI,LAR,True
2020_17_ARI_LAR,2020,17,LAR,ARI,True
2020_17_ATL_TB,2020,17,ATL,TB,True
2020_17_ATL_TB,2020,17,TB,ATL,True
2020_17_BAL_CIN,2020,17,BAL,CIN,True
2020_17_BAL_CIN,2020,17,CIN,BAL,True
2020_17_DAL_NYG,2020,17,DAL,NYG,True
2020_17_DAL_NYG,2020,17,NYG,DAL,True
2020_17_GB_CHI,2020,17,GB,CHI,True
2020_17_GB_CHI,2020,17,CHI,GB,True
2020_17_JAC_IND,2020,17,JAC,IND,True
2020_17_JAC_IND,2020,17,IND,JAC,True
2020_17_LAC_KC,2020,17,LAC,KC,True
2020_17_LAC_KC,2020,17,KC,LAC,True
2020_17_LVR_DEN,2020,17,LVR,DEN,True
2020_17_LVR_DEN,2020,17,DEN,LVR,True
2020_17_MIA_BUF,2020,17,MIA,BUF,True
2020_17_MIA_BUF,2020,17,BUF,MIA,True
2020_17_MIN_DET,2020,17,MIN,DET,True
2020_17_MIN_DET,2020,17,DET,MIN,True
2020_17_NO_CAR,2020,17,NO,CAR,True
2020_17_NO_CAR,2020,17,CAR,NO,True
2020_17_NYJ_NE,2020,17,NYJ,NE,True
2020_17_NYJ_NE,2020,17,NE,NYJ,True
2020_17_PIT_CLE,2020,17,PIT,CLE,True
2020_17_PIT_CLE,2020,17,CLE,PIT,True
2020_17_SEA_SF,2020,17,SEA,SF,True
2020_17_SEA_SF,2020,17,SF,SEA,True
2020_17_TEN_HOU,2020,17,TEN,HOU,True
2020_17_TEN_HOU,2020,17,HOU,TEN,True
2020_17_WAS_PHI,2020,17,WAS,PHI,True
2020_17_WAS_PHI,2020,17,PHI,WAS,True
